-- phpMyAdmin SQL Dump
-- version 5.2.1
-- https://www.phpmyadmin.net/
--
-- 主機： 127.0.0.1
-- 產生時間： 2025-04-01 07:43:34
-- 伺服器版本： 10.4.32-MariaDB
-- PHP 版本： 8.2.12

SET SQL_MODE = "NO_AUTO_VALUE_ON_ZERO";
START TRANSACTION;
SET time_zone = "+00:00";


/*!40101 SET @OLD_CHARACTER_SET_CLIENT=@@CHARACTER_SET_CLIENT */;
/*!40101 SET @OLD_CHARACTER_SET_RESULTS=@@CHARACTER_SET_RESULTS */;
/*!40101 SET @OLD_COLLATION_CONNECTION=@@COLLATION_CONNECTION */;
/*!40101 SET NAMES utf8mb4 */;

--
-- 資料庫： `mosqui`
--

-- --------------------------------------------------------

--
-- 資料表結構 `device`
--

CREATE TABLE `device` (
  `device_id` varchar(255) NOT NULL,
  `device_name` varchar(255) NOT NULL,
  `device_network` varchar(255) DEFAULT NULL,
  `device_address` varchar(255) DEFAULT NULL,
  `device_temperature` double DEFAULT NULL,
  `device_humidity` double DEFAULT NULL,
  `take_time` int(11) NOT NULL,
  `temp` int(11) NOT NULL,
  `take_photo` int(11) NOT NULL,
  `photo_take` int(11) NOT NULL
) ENGINE=InnoDB DEFAULT CHARSET=utf8mb4 COLLATE=utf8mb4_general_ci;

--
-- 傾印資料表的資料 `device`
--

INSERT INTO `device` (`device_id`, `device_name`, `device_network`, `device_address`, `device_temperature`, `device_humidity`, `take_time`, `temp`, `take_photo`, `photo_take`) VALUES
('A1', 'Device1', '1', '22.632064,120.279902', NULL, NULL, 3600, 87, 0, 1),
('A2', '183682', '0', '23.0064,120.8326', NULL, NULL, 2000, 5, 1, 0),
('A3', 'Device3', '0', '25.034392633619827,121.3919934576628', NULL, NULL, 2000, 5, 1, 0),
('A4', 'Device4', '0', '25.034392633619827,121.3919934576628', NULL, NULL, 2000, 5, 1, 0),
('A5', 'Device5', '0', '25.034392633619827,121.3919934576628', NULL, NULL, 2000, 5, 1, 0);

-- --------------------------------------------------------

--
-- 資料表結構 `mosquito`
--

CREATE TABLE `mosquito` (
  `mosquito_id` varchar(255) NOT NULL,
  `mosquito_name` varchar(255) NOT NULL
) ENGINE=InnoDB DEFAULT CHARSET=utf8mb4 COLLATE=utf8mb4_general_ci;

--
-- 傾印資料表的資料 `mosquito`
--

INSERT INTO `mosquito` (`mosquito_id`, `mosquito_name`) VALUES
('0', 'H'),
('1', 'IG'),
('2', 'W'),
('3', 'WH'),
('4', 'GR');

-- --------------------------------------------------------

--
-- 資料表結構 `photo`
--

CREATE TABLE `photo` (
  `photo_id` varchar(255) NOT NULL,
  `photo_address` varchar(255) DEFAULT NULL,
  `photo_location` varchar(255) DEFAULT NULL,
  `photo_time` varchar(255) DEFAULT NULL,
  `photo_storage` varchar(255) DEFAULT NULL,
  `device_id` varchar(255) DEFAULT NULL,
  `msg` text NOT NULL,
  `count` int(11) NOT NULL,
  `processed` int(11) DEFAULT 0
) ENGINE=InnoDB DEFAULT CHARSET=utf8mb4 COLLATE=utf8mb4_general_ci;

--
-- 傾印資料表的資料 `photo`
--

INSERT INTO `photo` (`photo_id`, `photo_address`, `photo_location`, `photo_time`, `photo_storage`, `device_id`, `msg`, `count`, `processed`) VALUES
('0', '22.9954,120.8654', 'Test', '20250328015605', 'uploads/Device1/20250328015605\\/detected_A1.jpg', 'A2', '0', 2, 1),
('1', '23.0208,120.7718', 'Test', '20250328025702', 'uploads/Device1/20250328025702\\/detected_A1.jpg', 'A2', '0', 2, 1),
('10', '22.63246,120.278652', 'None', '20250328115152', 'uploads/Device1/20250328115152\\/detected_2025328115148.jpg', 'A1', '1', 0, 1),
('100', '22.632064,120.279902', 'None', '20250401092652', 'uploads/Device1/20250401092652\\/detected_20254192649.jpg', 'A1', '1', 7, 1),
('101', '22.632064,120.279902', 'None', '20250401103204', 'uploads/Device1/20250401103204\\/detected_20254110321.jpg', 'A1', '1', 9, 1),
('102', '22.632064,120.279902', 'None', '20250401113713', 'uploads/Device1/20250401113713\\/detected_202541113710.jpg', 'A1', '1', 9, 1),
('11', '22.63246,120.278652', 'None', '20250328121109', 'uploads/Device1/20250328121109\\/detected_202532812116.jpg', 'A1', '1', 0, 1),
('12', '22.63246,120.278652', 'None', '20250328121724', 'uploads/Device1/20250328121724\\/detected_2025328121721.jpg', 'A1', '1', 0, 1),
('13', '22.63246,120.278652', 'None', '20250328125337', 'uploads/Device1/20250328125337\\/detected_2025328125334.jpg', 'A1', '1', 0, 1),
('14', '22.632064,120.279902', 'None', '20250328160716', 'uploads/Device1/20250328160716\\/detected_202532816713.jpg', 'A1', '1', 2, 1),
('15', '22.632064,120.279902', 'None', '20250328161255', 'uploads/Device1/20250328161255\\/detected_2025328161251.jpg', 'A1', '1', 3, 1),
('16', '22.632064,120.279902', 'None', '20250328161547', 'uploads/Device1/20250328161547\\/detected_2025328161543.jpg', 'A1', '1', 2, 1),
('17', '22.632064,120.279902', 'None', '20250328162251', 'uploads/Device1/20250328162251\\/detected_2025328162248.jpg', 'A1', '1', 2, 1),
('18', '', 'None', '20250328163851', 'uploads/Device1/20250328163851\\/detected_2025328163848.jpg', 'A1', '1', 2, 1),
('19', '22.632064,120.279902', 'None', '20250328165825', 'uploads/Device1/20250328165825\\/detected_2025328165821.jpg', 'A1', '1', 4, 1),
('2', '22.9985,120.8643', 'Test', '20250328035716', 'uploads/Device1/20250328035716\\/detected_A2.jpg', 'A2', '0', 3, 1),
('20', '22.632064,120.279902', 'None', '20250328172858', 'uploads/Device1/20250328172858\\/detected_2025328172855.jpg', 'A1', '1', 6, 1),
('21', '22.632064,120.279902', 'None', '20250328175951', 'uploads/Device1/20250328175951\\/detected_2025328175948.jpg', 'A1', '1', 9, 1),
('22', '22.632064,120.279902', 'None', '20250328190520', 'uploads/Device1/20250328190520\\/detected_202532819517.jpg', 'A1', '1', 10, 1),
('23', '22.632064,120.279902', 'None', '20250328200835', 'uploads/Device1/20250328200835\\/detected_202532820831.jpg', 'A1', '1', 11, 1),
('24', '22.632064,120.279902', 'None', '20250328211346', 'uploads/Device1/20250328211346\\/detected_2025328211342.jpg', 'A1', '1', 13, 1),
('25', '22.632064,120.279902', 'None', '20250328221851', 'uploads/Device1/20250328221851\\/detected_2025328221847.jpg', 'A1', '1', 16, 1),
('26', '22.632064,120.279902', 'None', '20250328232352', 'uploads/Device1/20250328232352\\/detected_2025328232349.jpg', 'A1', '1', 16, 1),
('27', '22.632064,120.279902', 'None', '20250329002857', 'uploads/Device1/20250329002857\\/detected_202532902853.jpg', 'A1', '1', 18, 1),
('28', '22.632064,120.279902', 'None', '20250329020315', 'uploads/Device1/20250329020315\\/detected_20253292312.jpg', 'A1', '1', 20, 1),
('29', '22.632064,120.279902', 'None', '20250329032240', 'uploads/Device1/20250329032240\\/detected_202532932237.jpg', 'A1', '1', 20, 1),
('3', '23.0064,120.8326', 'Test', '20250328045746', 'uploads/Device1/20250328045746\\/detected_A3.jpg', 'A2', '0', 5, 1),
('30', '22.632064,120.279902', 'None', '20250329053231', 'uploads/Device1/20250329053231\\/detected_202532953228.jpg', 'A1', '1', 21, 1),
('31', '22.632064,120.279902', 'None', '20250329092058', 'uploads/Device1/20250329092058\\/detected_202532992054.jpg', 'A1', '1', 20, 1),
('32', '22.632064,120.279902', 'None', '20250329093307', 'uploads/Device1/20250329093307\\/detected_20253299333.jpg', 'A1', '1', 20, 1),
('33', '22.632064,120.279902', 'None', '20250329114315', 'uploads/Device1/20250329114315\\/detected_2025329114311.jpg', 'A1', '1', 23, 1),
('34', '22.632064,120.279902', 'None', '20250329123839', 'uploads/Device1/20250329123839\\/detected_2025329123836.jpg', 'A1', '1', 22, 1),
('35', '22.632064,120.279902', 'None', '20250329125245', 'uploads/Device1/20250329125245\\/detected_2025329125242.jpg', 'A1', '1', 20, 1),
('36', '22.632064,120.279902', 'None', '20250329125644', 'uploads/Device1/20250329125644\\/detected_2025329125641.jpg', 'A1', '1', 22, 1),
('37', '22.632064,120.279902', 'None', '20250329130230', 'uploads/Device1/20250329130230\\/detected_202532913226.jpg', 'A1', '1', 21, 1),
('38', '22.632064,120.279902', 'None', '20250329133328', 'uploads/Device1/20250329133328\\/detected_2025329133324.jpg', 'A1', '1', 23, 1),
('39', '22.632064,120.279902', 'None', '20250329141800', 'uploads/Device1/20250329141800\\/detected_2025329141756.jpg', 'A1', '0', 21, 0),
('4', '22.63246,120.278652', 'None', '20250328105914', 'uploads/Device1/20250328105914\\/detected_2025328105910.jpg', 'A1', '1', 7, 1),
('40', '22.632064,120.279902', 'None', '20250329163425', 'uploads/Device1/20250329163425\\/detected_2025329163422.jpg', 'A1', '1', 22, 1),
('41', '22.632064,120.279902', 'None', '20250329163517', 'uploads/Device1/20250329163517\\/detected_2025329163514.jpg', 'A1', '1', 20, 1),
('42', '22.632064,120.279902', 'None', '20250329163554', 'uploads/Device1/20250329163554\\/detected_2025329163550.jpg', 'A1', '1', 20, 1),
('43', '22.632064,120.279902', 'None', '20250329174109', 'uploads/Device1/20250329174109\\/detected_202532917416.jpg', 'A1', '1', 20, 1),
('44', '22.632064,120.279902', 'None', '20250329184620', 'uploads/Device1/20250329184620\\/detected_2025329184616.jpg', 'A1', '1', 19, 1),
('45', '22.632064,120.279902', 'None', '20250329195139', 'uploads/Device1/20250329195139\\/detected_2025329195136.jpg', 'A1', '1', 20, 1),
('46', '22.632064,120.279902', 'None', '20250329205636', 'uploads/Device1/20250329205636\\/detected_2025329205632.jpg', 'A1', '1', 19, 1),
('47', '22.632064,120.279902', 'None', '20250329220134', 'uploads/Device1/20250329220134\\/detected_202532922131.jpg', 'A1', '1', 20, 1),
('48', '22.632064,120.279902', 'None', '20250329230632', 'uploads/Device1/20250329230632\\/detected_202532923629.jpg', 'A1', '0', 21, 0),
('49', '22.632064,120.279902', 'None', '20250330001129', 'uploads/Device1/20250330001129\\/detected_202533001126.jpg', 'A1', '1', 20, 1),
('5', '22.63246,120.278652', 'None', '20250328110445', 'uploads/Device1/20250328110445\\/detected_202532811441.jpg', 'A1', '1', 1, 1),
('50', '22.632064,120.279902', 'None', '20250330011629', 'uploads/Device1/20250330011629\\/detected_202533011626.jpg', 'A1', '1', 21, 1),
('51', '22.632064,120.279902', 'None', '20250330022956', 'uploads/Device1/20250330022956\\/detected_202533022953.jpg', 'A1', '1', 21, 1),
('52', '22.632064,120.279902', 'None', '20250330033459', 'uploads/Device1/20250330033459\\/detected_202533033455.jpg', 'A1', '1', 22, 1),
('53', '22.632064,120.279902', 'None', '20250330043959', 'uploads/Device1/20250330043959\\/detected_202533043956.jpg', 'A1', '1', 21, 1),
('54', '22.632064,120.279902', 'None', '20250330054459', 'uploads/Device1/20250330054459\\/detected_202533054455.jpg', 'A1', '0', 23, 0),
('55', '22.632064,120.279902', 'None', '20250330065000', 'uploads/Device1/20250330065000\\/detected_202533064956.jpg', 'A1', '1', 20, 1),
('56', '22.632064,120.279902', 'None', '20250330075503', 'uploads/Device1/20250330075503\\/detected_20253307550.jpg', 'A1', '1', 24, 1),
('57', '22.632064,120.279902', 'None', '20250330090002', 'uploads/Device1/20250330090002\\/detected_202533085959.jpg', 'A1', '1', 22, 1),
('58', '22.632064,120.279902', 'None', '20250330100502', 'uploads/Device1/20250330100502\\/detected_202533010458.jpg', 'A1', '0', 23, 0),
('59', '22.632064,120.279902', 'None', '20250330110959', 'uploads/Device1/20250330110959\\/detected_202533011955.jpg', 'A1', '1', 21, 1),
('6', '22.63246,120.278652', 'None', '20250328110602', 'uploads/Device1/20250328110602\\/detected_202532811558.jpg', 'A1', '1', 2, 1),
('60', '22.632064,120.279902', 'None', '20250330121502', 'uploads/Device1/20250330121502\\/detected_2025330121459.jpg', 'A1', '1', 22, 1),
('61', '22.632064,120.279902', 'None', '20250330131705', 'uploads/Device1/20250330131705\\/detected_202533013171.jpg', 'A1', '1', 19, 1),
('62', '22.632064,120.279902', 'None', '20250330142357', 'uploads/Device1/20250330142357\\/detected_2025330142353.jpg', 'A1', '1', 22, 1),
('63', '22.632064,120.279902', 'None', '20250330152922', 'uploads/Device1/20250330152922\\/detected_2025330152919.jpg', 'A1', '1', 21, 1),
('64', '22.632064,120.279902', 'None', '20250330163429', 'uploads/Device1/20250330163429\\/detected_2025330163426.jpg', 'A1', '1', 21, 1),
('65', '22.632064,120.279902', 'None', '20250330173938', 'uploads/Device1/20250330173938\\/detected_2025330173935.jpg', 'A1', '1', 19, 1),
('66', '22.632064,120.279902', 'None', '20250330184438', 'uploads/Device1/20250330184438\\/detected_2025330184435.jpg', 'A1', '1', 21, 1),
('67', '22.632064,120.279902', 'None', '20250330194942', 'uploads/Device1/20250330194942\\/detected_2025330194938.jpg', 'A1', '1', 19, 1),
('68', '22.632064,120.279902', 'None', '20250330205438', 'uploads/Device1/20250330205438\\/detected_2025330205435.jpg', 'A1', '1', 20, 1),
('69', '22.632064,120.279902', 'None', '20250330215935', 'uploads/Device1/20250330215935\\/detected_2025330215932.jpg', 'A1', '1', 16, 1),
('7', '22.63246,120.278652', 'None', '20250328110714', 'uploads/Device1/20250328110714\\/detected_202532811710.jpg', 'A1', '1', 1, 1),
('70', '22.632064,120.279902', 'None', '20250330230433', 'uploads/Device1/20250330230433\\/detected_202533023429.jpg', 'A1', '1', 20, 1),
('71', '22.632064,120.279902', 'None', '20250331000930', 'uploads/Device1/20250331000930\\/detected_20253310926.jpg', 'A1', '1', 19, 1),
('72', '22.632064,120.279902', 'None', '20250331011434', 'uploads/Device1/20250331011434\\/detected_202533111430.jpg', 'A1', '1', 19, 1),
('73', '22.632064,120.279902', 'None', '20250331021932', 'uploads/Device1/20250331021932\\/detected_202533121929.jpg', 'A1', '1', 20, 1),
('74', '22.632064,120.279902', 'None', '20250331041422', 'uploads/Device1/20250331041422\\/detected_202533141418.jpg', 'A1', '1', 18, 1),
('75', '22.632064,120.279902', 'None', '20250331051920', 'uploads/Device1/20250331051920\\/detected_202533151916.jpg', 'A1', '1', 18, 1),
('76', '22.632064,120.279902', 'None', '20250331062418', 'uploads/Device1/20250331062418\\/detected_202533162415.jpg', 'A1', '1', 20, 1),
('77', '22.632064,120.279902', 'None', '20250331072914', 'uploads/Device1/20250331072914\\/detected_202533172911.jpg', 'A1', '1', 20, 1),
('78', '22.632064,120.279902', 'None', '20250331083413', 'uploads/Device1/20250331083413\\/detected_20253318349.jpg', 'A1', '1', 18, 1),
('79', '22.632064,120.279902', 'None', '20250331094036', 'uploads/Device1/20250331094036\\/detected_202533194033.jpg', 'A1', '1', 17, 1),
('8', '22.63246,120.278652', 'None', '20250328113738', 'uploads/Device1/20250328113738\\/detected_2025328113735.jpg', 'A1', '1', 0, 1),
('80', '22.632064,120.279902', 'None', '20250331104632', 'uploads/Device1/20250331104632\\/detected_2025331104628.jpg', 'A1', '0', 18, 0),
('81', '22.632064,120.279902', 'None', '20250331115147', 'uploads/Device1/20250331115147\\/detected_2025331115144.jpg', 'A1', '1', 15, 1),
('82', '22.632064,120.279902', 'None', '20250331125839', 'uploads/Device1/20250331125839\\/detected_2025331125836.jpg', 'A1', '1', 15, 1),
('83', '22.632064,120.279902', 'None', '20250331140515', 'uploads/Device1/20250331140515\\/detected_202533114512.jpg', 'A1', '1', 19, 1),
('84', '22.632064,120.279902', 'None', '20250331154248', 'uploads/Device1/20250331154248\\/detected_2025331154244.jpg', 'A1', '1', 15, 1),
('85', '22.632064,120.279902', 'None', '20250331165204', 'uploads/Device1/20250331165204\\/detected_202533116521.jpg', 'A1', '1', 16, 1),
('86', '22.632064,120.279902', 'None', '20250331175740', 'uploads/Device1/20250331175740\\/detected_2025331175737.jpg', 'A1', '1', 0, 1),
('87', '22.632064,120.279902', 'None', '20250331190244', 'uploads/Device1/20250331190244\\/detected_202533119241.jpg', 'A1', '1', 1, 1),
('88', '22.632064,120.279902', 'None', '20250331192245', 'uploads/Device1/20250331192245\\/detected_2025331192242.jpg', 'A1', '1', 1, 1),
('89', '22.632064,120.279902', 'None', '20250331202745', 'uploads/Device1/20250331202745\\/detected_2025331202742.jpg', 'A1', '1', 2, 1),
('9', '22.63246,120.278652', 'None', '20250328115050', 'uploads/Device1/20250328115050\\/detected_2025328115047.jpg', 'A1', '0', 0, 0),
('90', '22.632064,120.279902', 'None', '20250331223524', 'uploads/Device1/20250331223524\\/detected_2025331223521.jpg', 'A1', '1', 2, 1),
('91', '22.632064,120.279902', 'None', '20250331234026', 'uploads/Device1/20250331234026\\/detected_2025331234023.jpg', 'A1', '1', 4, 1),
('92', '22.632064,120.279902', 'None', '20250401004525', 'uploads/Device1/20250401004525\\/detected_20254104521.jpg', 'A1', '1', 6, 1),
('93', '22.632064,120.279902', 'None', '20250401015021', 'uploads/Device1/20250401015021\\/detected_20254115017.jpg', 'A1', '1', 7, 1),
('94', '22.632064,120.279902', 'None', '20250401025518', 'uploads/Device1/20250401025518\\/detected_20254125515.jpg', 'A1', '1', 5, 1),
('95', '22.632064,120.279902', 'None', '20250401040014', 'uploads/Device1/20250401040014\\/detected_2025414011.jpg', 'A1', '1', 6, 1),
('96', '22.632064,120.279902', 'None', '20250401050509', 'uploads/Device1/20250401050509\\/detected_202541555.jpg', 'A1', '1', 8, 1),
('97', '22.632064,120.279902', 'None', '20250401061006', 'uploads/Device1/20250401061006\\/detected_2025416102.jpg', 'A1', '1', 7, 1),
('98', '22.632064,120.279902', 'None', '20250401071503', 'uploads/Device1/20250401071503\\/detected_20254171459.jpg', 'A1', '1', 6, 1),
('99', '22.632064,120.279902', 'None', '20250401082104', 'uploads/Device1/20250401082104\\/detected_2025418211.jpg', 'A1', '1', 8, 1);

-- --------------------------------------------------------

--
-- 資料表結構 `seg_photo`
--

CREATE TABLE `seg_photo` (
  `SP_id` int(11) NOT NULL,
  `photo_id` varchar(255) DEFAULT NULL,
  `mosquito_id` varchar(255) DEFAULT NULL,
  `SP_storage` varchar(255) DEFAULT NULL,
  `x1` double DEFAULT NULL,
  `y1` double DEFAULT NULL,
  `x2` double DEFAULT NULL,
  `y2` double DEFAULT NULL,
  `new` int(11) DEFAULT NULL
) ENGINE=InnoDB DEFAULT CHARSET=utf8mb4 COLLATE=utf8mb4_general_ci;

--
-- 傾印資料表的資料 `seg_photo`
--

INSERT INTO `seg_photo` (`SP_id`, `photo_id`, `mosquito_id`, `SP_storage`, `x1`, `y1`, `x2`, `y2`, `new`) VALUES
(1, '0', '3', 'WH_0', 896, 1215, 1004, 1307, 1),
(2, '0', '3', 'WH_1', 1088, 993, 1189, 1107, 1),
(3, '1', '3', 'WH_0', 896, 1215, 1004, 1307, 0),
(4, '1', '3', 'WH_1', 1088, 993, 1189, 1107, 0),
(5, '2', '0', 'H_0', 897, 1216, 1004, 1307, 0),
(6, '2', '0', 'H_1', 1442, 1147, 1547, 1248, 1),
(7, '2', '3', 'WH_2', 1088, 993, 1188, 1106, 0),
(8, '3', '3', 'WH_0', 1415, 669, 1522, 782, 1),
(9, '3', '0', 'H_1', 897, 1216, 1004, 1307, 0),
(10, '3', '0', 'H_2', 1441, 1149, 1546, 1249, 0),
(11, '3', '3', 'WH_3', 1088, 993, 1188, 1106, 0),
(12, '3', '3', 'WH_4', 1768, 823, 1878, 927, 1),
(13, '4', '1', 'IG_0', 1024, 320, 1097, 402, 1),
(14, '4', '4', 'GR_1', 706, 644, 791, 741, 1),
(15, '4', '4', 'GR_2', 919, 750, 1000, 835, 1),
(16, '4', '4', 'GR_3', 1205, 696, 1293, 777, 1),
(17, '4', '4', 'GR_4', 876, 411, 962, 490, 1),
(18, '4', '1', 'IG_5', 1160, 489, 1245, 568, 1),
(19, '4', '1', 'IG_6', 1022, 564, 1112, 662, 1),
(20, '5', '0', 'H_0', 1111, 664, 1183, 733, 1),
(24, '14', '3', 'WH_0', 1912, 982, 2001, 1075, 0),
(25, '14', '0', 'H_1', 13, 1229, 111, 1296, 0),
(26, '15', '4', 'GR_0', 1914, 981, 2000, 1073, 1),
(27, '15', '0', 'H_1', 24, 1090, 144, 1200, 1),
(28, '15', '4', 'GR_2', 19, 1238, 104, 1296, 1),
(29, '16', '2', 'W_0', 1914, 980, 2002, 1075, 0),
(30, '16', '2', 'W_1', 25, 1091, 142, 1200, 0),
(31, '17', '1', 'IG_0', 1912, 981, 2000, 1076, 0),
(32, '17', '1', 'IG_1', 24, 1089, 145, 1203, 0),
(33, '18', '1', 'IG_0', 1914, 979, 2001, 1074, 0),
(34, '18', '1', 'IG_1', 23, 1092, 144, 1202, 0),
(35, '19', '1', 'IG_0', 1915, 981, 2001, 1074, 0),
(36, '19', '1', 'IG_1', 30, 1095, 141, 1196, 0),
(37, '19', '1', 'IG_2', 2188, 961, 2256, 1044, 1),
(38, '19', '1', 'IG_3', 7, 1240, 101, 1296, 0),
(39, '20', '1', 'IG_0', 475, 851, 565, 931, 1),
(40, '20', '1', 'IG_1', 1907, 983, 1990, 1079, 1),
(41, '20', '1', 'IG_2', 2193, 961, 2260, 1030, 1),
(42, '20', '1', 'IG_3', 35, 1093, 139, 1193, 1),
(43, '20', '1', 'IG_4', 0, 1142, 63, 1242, 1),
(44, '20', '1', 'IG_5', 0, 1190, 81, 1296, 1),
(45, '21', '1', 'IG_0', 475, 860, 559, 943, 1),
(46, '21', '1', 'IG_1', 1909, 984, 1988, 1077, 0),
(47, '21', '1', 'IG_2', 1216, 1107, 1310, 1178, 1),
(48, '21', '1', 'IG_3', 35, 1094, 134, 1188, 0),
(49, '21', '1', 'IG_4', 2193, 959, 2263, 1028, 0),
(50, '21', '1', 'IG_5', 2138, 7, 2243, 103, 1),
(51, '21', '1', 'IG_6', 0, 1144, 65, 1261, 1),
(52, '21', '1', 'IG_7', 2227, 1067, 2304, 1132, 1),
(53, '21', '1', 'IG_8', 0, 1151, 79, 1296, 1),
(54, '22', '1', 'IG_0', 473, 858, 564, 944, 0),
(55, '22', '1', 'IG_1', 2194, 958, 2262, 1030, 0),
(56, '22', '1', 'IG_2', 2206, 675, 2293, 765, 1),
(57, '22', '1', 'IG_3', 1908, 984, 1988, 1080, 0),
(58, '22', '1', 'IG_4', 0, 1140, 70, 1244, 0),
(59, '22', '1', 'IG_5', 22, 1097, 136, 1198, 0),
(60, '22', '1', 'IG_6', 6, 1108, 109, 1244, 1),
(61, '22', '1', 'IG_7', 2227, 1067, 2304, 1131, 0),
(62, '22', '0', 'H_8', 0, 1165, 81, 1296, 0),
(63, '22', '1', 'IG_9', 2138, 8, 2243, 102, 0),
(64, '23', '1', 'IG_0', 1992, 501, 2101, 607, 1),
(65, '23', '1', 'IG_1', 473, 859, 561, 941, 0),
(66, '23', '1', 'IG_2', 1909, 983, 1987, 1078, 0),
(67, '23', '1', 'IG_3', 2199, 959, 2265, 1027, 1),
(68, '23', '1', 'IG_4', 37, 1092, 134, 1185, 0),
(69, '23', '1', 'IG_5', 2192, 671, 2297, 765, 1),
(70, '23', '1', 'IG_6', 2227, 1065, 2304, 1127, 0),
(71, '23', '1', 'IG_7', 2141, 6, 2245, 103, 0),
(72, '23', '1', 'IG_8', 0, 1148, 65, 1250, 0),
(73, '23', '1', 'IG_9', 0, 1150, 76, 1296, 0),
(74, '23', '1', 'IG_10', 22, 407, 100, 512, 1),
(75, '24', '1', 'IG_0', 1848, 711, 1926, 784, 1),
(76, '24', '1', 'IG_1', 1997, 503, 2096, 603, 0),
(77, '24', '1', 'IG_2', 1913, 984, 1984, 1075, 0),
(78, '24', '1', 'IG_3', 2201, 961, 2264, 1026, 0),
(79, '24', '1', 'IG_4', 476, 864, 557, 942, 0),
(80, '24', '1', 'IG_5', 1000, 0, 1116, 65, 1),
(81, '24', '1', 'IG_6', 1410, 135, 1486, 222, 1),
(82, '24', '1', 'IG_7', 0, 1149, 69, 1266, 0),
(83, '24', '1', 'IG_8', 2139, 7, 2243, 103, 0),
(84, '24', '1', 'IG_9', 2195, 671, 2297, 762, 0),
(85, '24', '1', 'IG_10', 2229, 1068, 2304, 1127, 0),
(86, '24', '1', 'IG_11', 34, 1100, 133, 1192, 0),
(87, '24', '1', 'IG_12', 20, 415, 96, 514, 0),
(88, '25', '1', 'IG_0', 1589, 127, 1689, 222, 1),
(89, '25', '1', 'IG_1', 1997, 504, 2098, 602, 0),
(90, '25', '1', 'IG_2', 1913, 985, 1983, 1075, 1),
(91, '25', '1', 'IG_3', 477, 860, 559, 941, 0),
(92, '25', '1', 'IG_4', 2200, 959, 2265, 1025, 0),
(93, '25', '1', 'IG_5', 1845, 712, 1924, 784, 0),
(94, '25', '1', 'IG_6', 1413, 137, 1484, 223, 0),
(95, '25', '1', 'IG_7', 1000, 0, 1118, 64, 0),
(96, '25', '1', 'IG_8', 37, 305, 113, 385, 1),
(97, '25', '1', 'IG_9', 2193, 670, 2296, 765, 0),
(98, '25', '1', 'IG_10', 36, 1100, 132, 1187, 0),
(99, '25', '1', 'IG_11', 2142, 7, 2242, 97, 0),
(100, '25', '1', 'IG_12', 1, 1151, 66, 1257, 0),
(101, '25', '1', 'IG_13', 24, 419, 94, 511, 1),
(102, '25', '1', 'IG_14', 0, 1153, 69, 1291, 0),
(103, '25', '1', 'IG_15', 21, 523, 96, 606, 1),
(104, '26', '1', 'IG_0', 1995, 504, 2098, 602, 0),
(105, '26', '1', 'IG_1', 1591, 127, 1686, 225, 0),
(106, '26', '1', 'IG_2', 1913, 985, 1983, 1075, 0),
(107, '26', '1', 'IG_3', 476, 862, 558, 940, 0),
(108, '26', '1', 'IG_4', 1719, 1000, 1809, 1077, 1),
(109, '26', '1', 'IG_5', 1844, 715, 1925, 782, 0),
(110, '26', '1', 'IG_6', 1411, 135, 1485, 220, 0),
(111, '26', '1', 'IG_7', 38, 308, 121, 394, 1),
(112, '26', '1', 'IG_8', 1000, 0, 1118, 59, 0),
(113, '26', '1', 'IG_9', 2198, 673, 2298, 762, 0),
(114, '26', '1', 'IG_10', 40, 1098, 134, 1192, 0),
(115, '26', '1', 'IG_11', 2140, 7, 2243, 104, 0),
(116, '26', '1', 'IG_12', 2193, 965, 2265, 1027, 0),
(117, '26', '1', 'IG_13', 92, 60, 166, 137, 1),
(118, '26', '1', 'IG_14', 0, 1152, 65, 1252, 0),
(119, '26', '1', 'IG_15', 20, 423, 94, 511, 0),
(120, '27', '1', 'IG_0', 1996, 504, 2098, 601, 0),
(121, '27', '1', 'IG_1', 1914, 984, 1985, 1075, 0),
(122, '27', '1', 'IG_2', 477, 864, 556, 939, 0),
(123, '27', '1', 'IG_3', 1716, 1000, 1804, 1073, 0),
(124, '27', '1', 'IG_4', 1846, 715, 1924, 785, 0),
(125, '27', '1', 'IG_5', 1591, 126, 1689, 226, 0),
(126, '27', '1', 'IG_6', 1411, 137, 1486, 222, 0),
(127, '27', '1', 'IG_7', 1001, 0, 1119, 58, 0),
(128, '27', '1', 'IG_8', 31, 297, 116, 390, 1),
(129, '27', '1', 'IG_9', 2140, 6, 2245, 106, 0),
(130, '27', '1', 'IG_10', 39, 1101, 128, 1191, 1),
(131, '27', '1', 'IG_11', 2205, 619, 2290, 698, 1),
(132, '27', '1', 'IG_12', 90, 69, 171, 139, 1),
(133, '27', '0', 'H_13', 0, 1155, 68, 1271, 0),
(134, '27', '1', 'IG_14', 19, 424, 94, 512, 0),
(135, '27', '1', 'IG_15', 2203, 1093, 2267, 1173, 1),
(136, '27', '1', 'IG_16', 2198, 656, 2299, 761, 1),
(137, '27', '1', 'IG_17', 2192, 964, 2264, 1026, 0),
(138, '28', '1', 'IG_0', 1974, 507, 2100, 630, 1),
(139, '28', '1', 'IG_1', 1914, 984, 1986, 1075, 0),
(140, '28', '1', 'IG_2', 477, 863, 554, 937, 0),
(141, '28', '1', 'IG_3', 1592, 127, 1688, 224, 0),
(142, '28', '1', 'IG_4', 1846, 714, 1923, 784, 0),
(143, '28', '1', 'IG_5', 1711, 998, 1813, 1073, 0),
(144, '28', '1', 'IG_6', 1411, 135, 1486, 221, 0),
(145, '28', '1', 'IG_7', 1001, 0, 1120, 60, 0),
(146, '28', '1', 'IG_8', 39, 1098, 129, 1191, 0),
(147, '28', '1', 'IG_9', 2140, 7, 2245, 104, 0),
(148, '28', '1', 'IG_10', 90, 72, 171, 143, 0),
(149, '28', '1', 'IG_11', 508, 0, 652, 72, 1),
(150, '28', '1', 'IG_12', 33, 301, 113, 389, 0),
(151, '28', '1', 'IG_13', 2194, 620, 2299, 752, 1),
(152, '28', '1', 'IG_14', 2251, 888, 2304, 967, 1),
(153, '28', '1', 'IG_15', 3, 1153, 63, 1247, 0),
(154, '28', '1', 'IG_16', 40, 44, 86, 114, 1),
(155, '28', '1', 'IG_17', 2189, 955, 2266, 1031, 1),
(156, '28', '1', 'IG_18', 20, 423, 93, 511, 0),
(157, '28', '1', 'IG_19', 2249, 1189, 2304, 1279, 1),
(158, '29', '1', 'IG_0', 1977, 506, 2105, 627, 0),
(159, '29', '1', 'IG_1', 1916, 985, 1986, 1074, 0),
(160, '29', '1', 'IG_2', 478, 864, 554, 938, 0),
(161, '29', '3', 'WH_3', 1592, 127, 1689, 227, 0),
(162, '29', '1', 'IG_4', 1847, 715, 1922, 785, 0),
(163, '29', '1', 'IG_5', 1714, 1002, 1810, 1078, 0),
(164, '29', '1', 'IG_6', 2139, 7, 2245, 105, 0),
(165, '29', '1', 'IG_7', 1412, 137, 1486, 222, 0),
(166, '29', '1', 'IG_8', 1000, 0, 1121, 59, 0),
(167, '29', '1', 'IG_9', 93, 72, 172, 141, 0),
(168, '29', '1', 'IG_10', 2194, 622, 2302, 752, 0),
(169, '29', '1', 'IG_11', 2196, 957, 2268, 1027, 0),
(170, '29', '1', 'IG_12', 41, 1100, 130, 1182, 0),
(171, '29', '1', 'IG_13', 2, 1154, 67, 1251, 1),
(172, '29', '1', 'IG_14', 35, 304, 111, 389, 0),
(173, '29', '1', 'IG_15', 2253, 889, 2304, 969, 0),
(174, '29', '1', 'IG_16', 2252, 1193, 2304, 1283, 0),
(175, '29', '1', 'IG_17', 21, 422, 94, 511, 0),
(176, '29', '1', 'IG_18', 0, 1156, 71, 1284, 1),
(177, '29', '1', 'IG_19', 2207, 1097, 2266, 1170, 0),
(178, '30', '1', 'IG_0', 1980, 507, 2106, 626, 0),
(179, '30', '1', 'IG_1', 1913, 987, 1989, 1074, 0),
(180, '30', '1', 'IG_2', 478, 864, 554, 937, 1),
(181, '30', '3', 'WH_3', 1591, 128, 1691, 227, 0),
(182, '30', '1', 'IG_4', 1713, 1004, 1817, 1078, 0),
(183, '30', '1', 'IG_5', 1847, 715, 1923, 785, 0),
(184, '30', '1', 'IG_6', 1413, 137, 1487, 222, 0),
(185, '30', '1', 'IG_7', 89, 78, 171, 144, 0),
(186, '30', '1', 'IG_8', 2197, 959, 2269, 1028, 0),
(187, '30', '1', 'IG_9', 1002, 0, 1120, 55, 0),
(188, '30', '1', 'IG_10', 34, 303, 114, 392, 0),
(189, '30', '1', 'IG_11', 30, 695, 95, 770, 1),
(190, '30', '1', 'IG_12', 37, 1099, 130, 1187, 0),
(191, '30', '1', 'IG_13', 2188, 623, 2301, 759, 0),
(192, '30', '1', 'IG_14', 21, 422, 99, 512, 0),
(193, '30', '1', 'IG_15', 6, 1153, 65, 1248, 0),
(194, '30', '0', 'H_16', 0, 1158, 69, 1291, 0),
(195, '30', '1', 'IG_17', 2144, 127, 2236, 198, 1),
(196, '30', '1', 'IG_18', 2254, 888, 2303, 973, 0),
(197, '30', '1', 'IG_19', 2145, 9, 2241, 89, 1),
(198, '30', '1', 'IG_20', 2249, 1193, 2304, 1284, 0),
(199, '31', '1', 'IG_0', 1976, 505, 2100, 627, 0),
(200, '31', '1', 'IG_1', 1913, 982, 1984, 1074, 0),
(201, '31', '1', 'IG_2', 480, 862, 560, 937, 0),
(202, '31', '1', 'IG_3', 1724, 998, 1811, 1075, 0),
(203, '31', '1', 'IG_4', 1847, 713, 1926, 781, 0),
(204, '31', '3', 'WH_5', 1592, 124, 1690, 227, 0),
(205, '31', '1', 'IG_6', 1412, 133, 1487, 221, 0),
(206, '31', '1', 'IG_7', 88, 70, 172, 140, 0),
(207, '31', '1', 'IG_8', 1002, 0, 1121, 60, 0),
(208, '31', '1', 'IG_9', 32, 702, 97, 769, 0),
(209, '31', '1', 'IG_10', 34, 297, 113, 387, 0),
(210, '31', '1', 'IG_11', 2199, 960, 2266, 1023, 0),
(211, '31', '1', 'IG_12', 41, 1098, 126, 1182, 0),
(212, '31', '1', 'IG_13', 21, 415, 97, 508, 0),
(213, '31', '1', 'IG_14', 2189, 620, 2301, 757, 0),
(214, '31', '1', 'IG_15', 2148, 120, 2241, 200, 0),
(215, '31', '1', 'IG_16', 2204, 1092, 2268, 1171, 0),
(216, '31', '1', 'IG_17', 0, 1152, 71, 1251, 0),
(217, '31', '1', 'IG_18', 2249, 1191, 2304, 1286, 0),
(218, '31', '1', 'IG_19', 2146, 10, 2229, 82, 1),
(219, '32', '1', 'IG_0', 1976, 506, 2100, 630, 0),
(220, '32', '1', 'IG_1', 1915, 986, 1986, 1074, 0),
(221, '32', '1', 'IG_2', 480, 863, 558, 937, 0),
(222, '32', '1', 'IG_3', 1592, 126, 1690, 228, 0),
(223, '32', '1', 'IG_4', 1720, 1001, 1813, 1076, 0),
(224, '32', '1', 'IG_5', 1848, 714, 1925, 783, 0),
(225, '32', '1', 'IG_6', 1413, 135, 1485, 221, 0),
(226, '32', '1', 'IG_7', 1002, 0, 1124, 60, 0),
(227, '32', '1', 'IG_8', 94, 71, 172, 139, 0),
(228, '32', '1', 'IG_9', 43, 1100, 127, 1177, 1),
(229, '32', '1', 'IG_10', 2191, 619, 2302, 751, 0),
(230, '32', '1', 'IG_11', 32, 702, 94, 769, 0),
(231, '32', '1', 'IG_12', 34, 300, 115, 390, 0),
(232, '32', '1', 'IG_13', 0, 1153, 71, 1253, 0),
(233, '32', '1', 'IG_14', 2195, 949, 2271, 1027, 1),
(234, '32', '1', 'IG_15', 21, 420, 94, 510, 0),
(235, '32', '1', 'IG_16', 2145, 9, 2236, 87, 0),
(236, '32', '1', 'IG_17', 2149, 126, 2236, 199, 0),
(237, '32', '1', 'IG_18', 2251, 1190, 2304, 1276, 0),
(238, '32', '1', 'IG_19', 2209, 1093, 2269, 1169, 0),
(239, '33', '1', 'IG_0', 1981, 507, 2107, 627, 0),
(240, '33', '1', 'IG_1', 1918, 987, 1989, 1074, 0),
(241, '33', '1', 'IG_2', 479, 865, 554, 937, 0),
(242, '33', '1', 'IG_3', 1849, 714, 1924, 784, 0),
(243, '33', '1', 'IG_4', 1720, 1002, 1816, 1078, 0),
(244, '33', '1', 'IG_5', 1006, 0, 1125, 61, 0),
(245, '33', '3', 'WH_6', 1593, 129, 1692, 227, 0),
(246, '33', '1', 'IG_7', 1415, 135, 1487, 221, 0),
(247, '33', '1', 'IG_8', 2198, 963, 2269, 1029, 0),
(248, '33', '1', 'IG_9', 33, 301, 110, 390, 0),
(249, '33', '1', 'IG_10', 93, 73, 170, 142, 0),
(250, '33', '1', 'IG_11', 2150, 125, 2236, 199, 0),
(251, '33', '1', 'IG_12', 2194, 631, 2302, 760, 0),
(252, '33', '1', 'IG_13', 43, 1099, 126, 1186, 0),
(253, '33', '1', 'IG_14', 2, 1153, 68, 1268, 0),
(254, '33', '1', 'IG_15', 37, 704, 102, 769, 1),
(255, '33', '1', 'IG_16', 2199, 620, 2293, 728, 1),
(256, '33', '1', 'IG_17', 2255, 889, 2304, 980, 1),
(257, '33', '1', 'IG_18', 0, 1158, 72, 1296, 0),
(258, '33', '1', 'IG_19', 22, 427, 95, 511, 0),
(259, '33', '1', 'IG_20', 2209, 620, 2285, 696, 0),
(260, '33', '1', 'IG_21', 2249, 1193, 2303, 1278, 0),
(261, '33', '1', 'IG_22', 2145, 8, 2235, 89, 0),
(262, '34', '1', 'IG_0', 1981, 507, 2108, 629, 0),
(263, '34', '1', 'IG_1', 1918, 989, 1990, 1075, 0),
(264, '34', '1', 'IG_2', 482, 867, 558, 938, 0),
(265, '34', '1', 'IG_3', 1723, 1001, 1814, 1079, 0),
(266, '34', '1', 'IG_4', 1849, 710, 1926, 782, 0),
(267, '34', '1', 'IG_5', 1593, 128, 1692, 230, 0),
(268, '34', '1', 'IG_6', 1006, 0, 1121, 62, 0),
(269, '34', '1', 'IG_7', 2152, 125, 2241, 202, 0),
(270, '34', '1', 'IG_8', 288, 1227, 400, 1296, 1),
(271, '34', '1', 'IG_9', 1416, 138, 1491, 223, 0),
(272, '34', '1', 'IG_10', 2199, 966, 2270, 1029, 0),
(273, '34', '1', 'IG_11', 32, 298, 110, 389, 0),
(274, '34', '1', 'IG_12', 93, 74, 173, 144, 0),
(275, '34', '1', 'IG_13', 23, 429, 98, 511, 0),
(276, '34', '1', 'IG_14', 40, 701, 102, 768, 0),
(277, '34', '1', 'IG_15', 2196, 628, 2302, 761, 0),
(278, '34', '1', 'IG_16', 2, 1150, 71, 1264, 0),
(279, '34', '1', 'IG_17', 0, 1160, 73, 1296, 0),
(280, '34', '1', 'IG_18', 40, 1102, 126, 1186, 0),
(281, '34', '1', 'IG_19', 2253, 891, 2304, 980, 0),
(282, '34', '1', 'IG_20', 2145, 8, 2240, 93, 0),
(283, '34', '1', 'IG_21', 2204, 617, 2290, 709, 0),
(284, '35', '1', 'IG_0', 1982, 508, 2108, 627, 0),
(285, '35', '1', 'IG_1', 1916, 987, 1991, 1075, 0),
(286, '35', '1', 'IG_2', 481, 867, 554, 937, 0),
(287, '35', '1', 'IG_3', 2200, 967, 2267, 1028, 0),
(288, '35', '1', 'IG_4', 1851, 712, 1927, 783, 0),
(289, '35', '1', 'IG_5', 1722, 1001, 1815, 1079, 0),
(290, '35', '1', 'IG_6', 1006, 0, 1121, 62, 0),
(291, '35', '3', 'WH_7', 1594, 129, 1691, 228, 0),
(292, '35', '1', 'IG_8', 92, 75, 173, 144, 0),
(293, '35', '1', 'IG_9', 1416, 137, 1490, 222, 0),
(294, '35', '1', 'IG_10', 33, 300, 112, 391, 0),
(295, '35', '1', 'IG_11', 286, 1229, 401, 1296, 0),
(296, '35', '1', 'IG_12', 36, 701, 102, 769, 0),
(297, '35', '1', 'IG_13', 23, 429, 96, 511, 0),
(298, '35', '1', 'IG_14', 2, 1152, 72, 1270, 0),
(299, '35', '1', 'IG_15', 2193, 628, 2303, 763, 0),
(300, '35', '1', 'IG_16', 2153, 125, 2240, 198, 0),
(301, '35', '1', 'IG_17', 36, 1102, 132, 1180, 0),
(302, '35', '1', 'IG_18', 2254, 886, 2304, 978, 0),
(303, '35', '1', 'IG_19', 2147, 8, 2234, 85, 0),
(304, '36', '4', 'GR_0', 1983, 508, 2104, 629, 0),
(305, '36', '4', 'GR_1', 1917, 988, 1990, 1075, 0),
(306, '36', '3', 'WH_2', 1593, 128, 1691, 228, 0),
(307, '36', '4', 'GR_3', 481, 866, 557, 938, 0),
(308, '36', '1', 'IG_4', 2199, 966, 2267, 1028, 0),
(309, '36', '3', 'WH_5', 1849, 714, 1927, 785, 0),
(310, '36', '4', 'GR_6', 1721, 1001, 1816, 1078, 0),
(311, '36', '4', 'GR_7', 1007, 0, 1122, 62, 0),
(312, '36', '3', 'WH_8', 92, 76, 173, 144, 0),
(313, '36', '3', 'WH_9', 1415, 138, 1491, 223, 0),
(314, '36', '1', 'IG_10', 291, 1229, 399, 1296, 0),
(315, '36', '4', 'GR_11', 32, 297, 111, 389, 0),
(316, '36', '3', 'WH_12', 2195, 630, 2302, 762, 0),
(317, '36', '4', 'GR_13', 37, 702, 102, 768, 0),
(318, '36', '3', 'WH_14', 3, 1137, 80, 1267, 1),
(319, '36', '4', 'GR_15', 2152, 125, 2238, 202, 0),
(320, '36', '3', 'WH_16', 2146, 7, 2234, 85, 0),
(321, '36', '4', 'GR_17', 0, 1159, 74, 1296, 0),
(322, '36', '4', 'GR_18', 24, 427, 97, 510, 0),
(323, '36', '4', 'GR_19', 2200, 620, 2291, 707, 0),
(324, '36', '4', 'GR_20', 2252, 889, 2303, 975, 0),
(325, '36', '4', 'GR_21', 30, 1102, 130, 1189, 0),
(326, '37', '0', 'H_0', 1980, 507, 2110, 628, 0),
(327, '37', '0', 'H_1', 1916, 988, 1991, 1075, 0),
(328, '37', '0', 'H_2', 481, 867, 557, 938, 0),
(329, '37', '0', 'H_3', 1593, 128, 1692, 228, 0),
(330, '37', '0', 'H_4', 1850, 714, 1927, 785, 0),
(331, '37', '0', 'H_5', 295, 1225, 400, 1296, 0),
(332, '37', '0', 'H_6', 1722, 1001, 1815, 1078, 0),
(333, '37', '0', 'H_7', 1007, 0, 1122, 62, 0),
(334, '37', '0', 'H_8', 93, 76, 173, 144, 1),
(335, '37', '0', 'H_9', 2198, 965, 2271, 1029, 0),
(336, '37', '0', 'H_10', 1415, 137, 1492, 222, 0),
(337, '37', '0', 'H_11', 32, 299, 114, 390, 0),
(338, '37', '0', 'H_12', 2153, 126, 2238, 201, 0),
(339, '37', '0', 'H_13', 39, 702, 103, 771, 0),
(340, '37', '0', 'H_14', 3, 1150, 73, 1272, 0),
(341, '37', '0', 'H_15', 2193, 631, 2302, 762, 0),
(342, '37', '0', 'H_16', 0, 1156, 76, 1296, 0),
(343, '37', '0', 'H_17', 2146, 9, 2237, 92, 0),
(344, '37', '0', 'H_18', 2254, 886, 2304, 976, 0),
(345, '37', '0', 'H_19', 30, 1103, 135, 1187, 1),
(346, '37', '0', 'H_20', 23, 425, 98, 509, 0),
(347, '38', '3', 'WH_0', 2201, 966, 2267, 1028, 0),
(348, '38', '2', 'W_1', 1981, 507, 2107, 632, 0),
(349, '38', '2', 'W_2', 1917, 990, 1989, 1075, 0),
(350, '38', '2', 'W_3', 482, 868, 558, 938, 0),
(351, '38', '2', 'W_4', 1594, 128, 1692, 230, 0),
(352, '38', '3', 'WH_5', 1849, 713, 1926, 785, 0),
(353, '38', '4', 'GR_6', 1721, 1002, 1816, 1078, 0),
(354, '38', '3', 'WH_7', 1007, 0, 1121, 62, 0),
(355, '38', '3', 'WH_8', 293, 1230, 404, 1296, 0),
(356, '38', '4', 'GR_9', 93, 76, 173, 143, 0),
(357, '38', '4', 'GR_10', 1416, 139, 1491, 222, 0),
(358, '38', '2', 'W_11', 33, 299, 111, 390, 0),
(359, '38', '3', 'WH_12', 2154, 127, 2238, 202, 0),
(360, '38', '2', 'W_13', 37, 699, 102, 769, 0),
(361, '38', '2', 'W_14', 22, 424, 96, 509, 0),
(362, '38', '4', 'GR_15', 2254, 891, 2304, 978, 0),
(363, '38', '3', 'WH_16', 3, 1155, 67, 1267, 0),
(364, '38', '2', 'W_17', 39, 1103, 131, 1183, 0),
(365, '38', '2', 'W_18', 2148, 10, 2242, 94, 0),
(366, '38', '2', 'W_19', 2193, 628, 2302, 762, 0),
(367, '38', '2', 'W_20', 2196, 618, 2294, 738, 0),
(368, '38', '0', 'H_21', 2209, 1097, 2269, 1170, 0),
(369, '38', '0', 'H_22', 0, 1156, 74, 1296, 0),
(370, '39', '1', 'IG_0', 1983, 507, 2106, 629, NULL),
(371, '39', '1', 'IG_1', 1916, 990, 1989, 1076, NULL),
(372, '39', '1', 'IG_2', 480, 867, 559, 938, NULL),
(373, '40', '3', 'WH_0', 1984, 508, 2106, 629, 0),
(374, '40', '1', 'IG_1', 1917, 988, 1990, 1075, 0),
(375, '40', '1', 'IG_2', 482, 866, 555, 938, 0),
(376, '40', '3', 'WH_3', 1849, 712, 1925, 785, 0),
(377, '40', '0', 'H_4', 1721, 1001, 1816, 1078, 0),
(378, '40', '0', 'H_5', 1008, 0, 1121, 62, 0),
(379, '40', '1', 'IG_6', 1595, 128, 1692, 226, 0),
(380, '40', '0', 'H_7', 285, 1229, 397, 1296, 0),
(381, '40', '2', 'W_8', 2155, 128, 2238, 200, 0),
(382, '40', '0', 'H_9', 92, 73, 172, 143, 0),
(383, '40', '1', 'IG_10', 35, 302, 106, 388, 0),
(384, '40', '0', 'H_11', 1417, 140, 1489, 223, 0),
(385, '40', '1', 'IG_12', 38, 703, 102, 770, 0),
(386, '40', '2', 'W_13', 2199, 962, 2270, 1028, 0),
(387, '40', '1', 'IG_14', 2195, 629, 2303, 760, 0),
(388, '40', '1', 'IG_15', 0, 1155, 77, 1296, 0),
(389, '40', '1', 'IG_16', 2, 1141, 83, 1272, 0),
(390, '40', '4', 'GR_17', 2260, 891, 2304, 977, 0),
(391, '40', '1', 'IG_18', 2148, 8, 2239, 89, 0),
(392, '40', '1', 'IG_19', 2198, 620, 2298, 714, 0),
(393, '40', '0', 'H_20', 23, 425, 96, 509, 0),
(394, '40', '0', 'H_21', 35, 1104, 126, 1183, 0),
(395, '41', '1', 'IG_0', 1983, 507, 2105, 629, 0),
(396, '41', '1', 'IG_1', 1917, 987, 1990, 1075, 0),
(397, '41', '1', 'IG_2', 482, 867, 557, 937, 0),
(398, '41', '4', 'GR_3', 2198, 965, 2265, 1027, 0),
(399, '41', '3', 'WH_4', 1849, 716, 1925, 785, 0),
(400, '41', '0', 'H_5', 1719, 1002, 1815, 1077, 0),
(401, '41', '1', 'IG_6', 1594, 128, 1692, 227, 0),
(402, '41', '0', 'H_7', 1008, 0, 1122, 62, 0),
(403, '41', '0', 'H_8', 286, 1226, 394, 1296, 0),
(404, '41', '0', 'H_9', 1417, 139, 1490, 222, 0),
(405, '41', '2', 'W_10', 2154, 130, 2237, 202, 0),
(406, '41', '0', 'H_11', 36, 304, 107, 390, 0),
(407, '41', '0', 'H_12', 93, 74, 170, 143, 0),
(408, '41', '1', 'IG_13', 39, 704, 103, 770, 0),
(409, '41', '4', 'GR_14', 2257, 888, 2304, 974, 0),
(410, '41', '0', 'H_15', 47, 1100, 125, 1178, 0),
(411, '41', '0', 'H_16', 2, 1153, 70, 1262, 0),
(412, '41', '1', 'IG_17', 0, 1157, 74, 1296, 0),
(413, '41', '2', 'W_18', 2147, 8, 2240, 93, 0),
(414, '41', '2', 'W_19', 24, 426, 93, 509, 0),
(415, '42', '1', 'IG_0', 1982, 506, 2107, 628, 0),
(416, '42', '1', 'IG_1', 1918, 989, 1990, 1075, 0),
(417, '42', '1', 'IG_2', 481, 866, 556, 938, 0),
(418, '42', '0', 'H_3', 1594, 128, 1691, 228, 0),
(419, '42', '0', 'H_4', 1723, 1003, 1815, 1080, 0),
(420, '42', '0', 'H_5', 1849, 715, 1927, 785, 0),
(421, '42', '0', 'H_6', 1009, 0, 1119, 61, 0),
(422, '42', '4', 'GR_7', 2202, 964, 2270, 1027, 0),
(423, '42', '2', 'W_8', 287, 1228, 394, 1296, 0),
(424, '42', '0', 'H_9', 1415, 137, 1489, 223, 0),
(425, '42', '2', 'W_10', 2154, 129, 2238, 203, 1),
(426, '42', '1', 'IG_11', 93, 74, 174, 143, 0),
(427, '42', '0', 'H_12', 35, 305, 107, 390, 0),
(428, '42', '1', 'IG_13', 2195, 629, 2302, 761, 0),
(429, '42', '1', 'IG_14', 37, 704, 103, 771, 0),
(430, '42', '1', 'IG_15', 2199, 620, 2296, 722, 0),
(431, '42', '1', 'IG_16', 3, 1152, 74, 1265, 0),
(432, '42', '1', 'IG_17', 0, 1154, 76, 1296, 0),
(433, '42', '2', 'W_18', 39, 1102, 128, 1180, 0),
(434, '42', '1', 'IG_19', 24, 424, 95, 508, 0),
(435, '43', '3', 'WH_0', 2016, 505, 2130, 629, 1),
(436, '43', '1', 'IG_1', 1617, 127, 1716, 224, 1),
(437, '43', '1', 'IG_2', 1944, 990, 2015, 1079, 1),
(438, '43', '1', 'IG_3', 1887, 720, 1956, 785, 1),
(439, '43', '0', 'H_4', 506, 868, 576, 936, 1),
(440, '43', '0', 'H_5', 1434, 137, 1511, 221, 1),
(441, '43', '0', 'H_6', 1747, 1006, 1839, 1080, 1),
(442, '43', '0', 'H_7', 1027, 0, 1145, 62, 1),
(443, '43', '2', 'W_8', 2238, 1084, 2304, 1178, 1),
(444, '43', '0', 'H_9', 312, 1229, 421, 1296, 1),
(445, '43', '1', 'IG_10', 68, 1101, 151, 1186, 1),
(446, '43', '2', 'W_11', 2233, 969, 2303, 1033, 1),
(447, '43', '1', 'IG_12', 33, 413, 117, 514, 1),
(448, '43', '1', 'IG_13', 113, 73, 194, 142, 1),
(449, '43', '2', 'W_14', 74, 321, 135, 389, 1),
(450, '43', '1', 'IG_15', 15, 1154, 95, 1266, 1),
(451, '43', '2', 'W_16', 2184, 124, 2270, 192, 1),
(452, '43', '4', 'GR_17', 2240, 626, 2304, 761, 1),
(453, '43', '2', 'W_18', 2242, 676, 2303, 761, 1),
(454, '43', '0', 'H_19', 52, 702, 122, 779, 1),
(455, '44', '1', 'IG_0', 2016, 505, 2133, 631, 0),
(456, '44', '1', 'IG_1', 1618, 128, 1715, 224, 0),
(457, '44', '1', 'IG_2', 1885, 718, 1956, 785, 0),
(458, '44', '1', 'IG_3', 1944, 994, 2013, 1081, 0),
(459, '44', '0', 'H_4', 1434, 138, 1511, 221, 0),
(460, '44', '0', 'H_5', 1743, 1007, 1839, 1080, 0),
(461, '44', '1', 'IG_6', 505, 869, 576, 937, 0),
(462, '44', '4', 'GR_7', 2232, 970, 2303, 1036, 0),
(463, '44', '0', 'H_8', 1027, 0, 1144, 63, 0),
(464, '44', '2', 'W_9', 112, 75, 194, 141, 0),
(465, '44', '0', 'H_10', 316, 1229, 420, 1296, 0),
(466, '44', '2', 'W_11', 2237, 1082, 2304, 1176, 0),
(467, '44', '2', 'W_12', 2184, 126, 2271, 195, 0),
(468, '44', '1', 'IG_13', 69, 1104, 150, 1182, 0),
(469, '44', '1', 'IG_14', 15, 1152, 95, 1274, 0),
(470, '44', '3', 'WH_15', 36, 412, 118, 514, 0),
(471, '44', '0', 'H_16', 61, 314, 132, 388, 1),
(472, '44', '3', 'WH_17', 2240, 623, 2304, 763, 0),
(473, '44', '2', 'W_18', 2241, 677, 2303, 762, 0),
(474, '45', '2', 'W_0', 2016, 505, 2132, 631, 0),
(475, '45', '4', 'GR_1', 1617, 128, 1715, 224, 0),
(476, '45', '4', 'GR_2', 506, 868, 577, 936, 0),
(477, '45', '2', 'W_3', 1885, 717, 1958, 785, 0),
(478, '45', '2', 'W_4', 1944, 992, 2013, 1080, 0),
(479, '45', '4', 'GR_5', 1434, 139, 1512, 222, 0),
(480, '45', '4', 'GR_6', 1747, 1006, 1839, 1080, 0),
(481, '45', '4', 'GR_7', 1027, 0, 1143, 63, 0),
(482, '45', '2', 'W_8', 110, 72, 194, 143, 0),
(483, '45', '3', 'WH_9', 2237, 1080, 2304, 1178, 0),
(484, '45', '2', 'W_10', 2232, 970, 2303, 1033, 0),
(485, '45', '4', 'GR_11', 316, 1229, 418, 1296, 0),
(486, '45', '4', 'GR_12', 68, 1100, 151, 1181, 0),
(487, '45', '4', 'GR_13', 2185, 124, 2269, 196, 0),
(488, '45', '3', 'WH_14', 15, 1153, 96, 1269, 0),
(489, '45', '3', 'WH_15', 58, 317, 131, 389, 0),
(490, '45', '2', 'W_16', 2240, 624, 2304, 763, 0),
(491, '45', '4', 'GR_17', 31, 410, 118, 514, 0),
(492, '45', '4', 'GR_18', 54, 712, 122, 778, 0),
(493, '45', '2', 'W_19', 2240, 679, 2303, 763, 0),
(494, '46', '2', 'W_0', 2017, 506, 2129, 628, 0),
(495, '46', '4', 'GR_1', 1618, 128, 1715, 225, 0),
(496, '46', '2', 'W_2', 1945, 989, 2014, 1080, 0),
(497, '46', '2', 'W_3', 1885, 720, 1957, 785, 0),
(498, '46', '4', 'GR_4', 506, 869, 576, 936, 0),
(499, '46', '4', 'GR_5', 1745, 1006, 1840, 1081, 0),
(500, '46', '4', 'GR_6', 1434, 139, 1510, 221, 0),
(501, '46', '4', 'GR_7', 1028, 0, 1143, 62, 0),
(502, '46', '2', 'W_8', 112, 72, 194, 142, 0),
(503, '46', '4', 'GR_9', 315, 1231, 422, 1296, 0),
(504, '46', '3', 'WH_10', 2238, 1083, 2304, 1178, 0),
(505, '46', '3', 'WH_11', 2230, 967, 2302, 1031, 0),
(506, '46', '4', 'GR_12', 68, 1103, 149, 1175, 0),
(507, '46', '4', 'GR_13', 16, 1155, 96, 1269, 0),
(508, '46', '4', 'GR_14', 69, 326, 132, 390, 0),
(509, '46', '4', 'GR_15', 33, 414, 118, 514, 0),
(510, '46', '4', 'GR_16', 2184, 123, 2269, 196, 0),
(511, '46', '4', 'GR_17', 7, 1162, 98, 1296, 1),
(512, '46', '4', 'GR_18', 50, 292, 116, 361, 1),
(513, '47', '2', 'W_0', 2016, 505, 2132, 629, 0),
(514, '47', '4', 'GR_1', 1618, 128, 1715, 225, 0),
(515, '47', '4', 'GR_2', 1884, 719, 1956, 786, 0),
(516, '47', '2', 'W_3', 1945, 993, 2013, 1080, 0),
(517, '47', '4', 'GR_4', 1434, 138, 1512, 220, 0),
(518, '47', '4', 'GR_5', 505, 868, 576, 937, 0),
(519, '47', '4', 'GR_6', 1743, 1007, 1840, 1081, 0),
(520, '47', '4', 'GR_7', 1027, 0, 1144, 62, 0),
(521, '47', '2', 'W_8', 112, 73, 194, 143, 0),
(522, '47', '2', 'W_9', 2231, 969, 2303, 1032, 0),
(523, '47', '4', 'GR_10', 2182, 124, 2273, 194, 0),
(524, '47', '3', 'WH_11', 2237, 1084, 2304, 1174, 0),
(525, '47', '4', 'GR_12', 317, 1231, 421, 1296, 0),
(526, '47', '4', 'GR_13', 70, 1101, 153, 1175, 0),
(527, '47', '4', 'GR_14', 32, 412, 119, 513, 0),
(528, '47', '4', 'GR_15', 57, 316, 128, 388, 0),
(529, '47', '4', 'GR_16', 16, 1154, 96, 1261, 0),
(530, '47', '2', 'W_17', 2242, 626, 2304, 764, 0),
(531, '47', '4', 'GR_18', 52, 703, 120, 778, 0),
(532, '47', '4', 'GR_19', 49, 294, 116, 364, 0),
(533, '49', '2', 'W_0', 2018, 506, 2136, 630, 0),
(534, '49', '2', 'W_1', 1884, 720, 1957, 785, 0),
(535, '49', '4', 'GR_2', 1747, 1007, 1838, 1079, 0),
(536, '49', '4', 'GR_3', 1617, 129, 1715, 223, 0),
(537, '49', '4', 'GR_4', 506, 870, 577, 936, 0),
(538, '49', '2', 'W_5', 1945, 993, 2013, 1080, 0),
(539, '49', '4', 'GR_6', 1027, 0, 1146, 62, 0),
(540, '49', '4', 'GR_7', 1436, 140, 1511, 221, 0),
(541, '49', '4', 'GR_8', 111, 76, 194, 143, 0),
(542, '49', '3', 'WH_9', 2238, 1083, 2304, 1175, 0),
(543, '49', '2', 'W_10', 2228, 956, 2303, 1032, 1),
(544, '49', '4', 'GR_11', 311, 1230, 420, 1296, 0),
(545, '49', '4', 'GR_12', 2184, 125, 2273, 196, 0),
(546, '49', '2', 'W_13', 69, 1099, 151, 1177, 0),
(547, '49', '4', 'GR_14', 57, 306, 133, 389, 0),
(548, '49', '4', 'GR_15', 34, 415, 117, 513, 0),
(549, '49', '4', 'GR_16', 15, 1155, 95, 1268, 0),
(550, '49', '4', 'GR_17', 48, 296, 121, 377, 1),
(551, '49', '2', 'W_18', 2242, 630, 2304, 765, 0),
(552, '49', '2', 'W_19', 2243, 693, 2303, 764, 1),
(553, '50', '2', 'W_0', 2017, 505, 2136, 631, 0),
(554, '50', '4', 'GR_1', 1886, 718, 1957, 785, 0),
(555, '50', '2', 'W_2', 1945, 993, 2014, 1079, 0),
(556, '50', '4', 'GR_3', 505, 870, 577, 937, 0),
(557, '50', '4', 'GR_4', 1618, 129, 1716, 225, 0),
(558, '50', '4', 'GR_5', 1434, 139, 1512, 220, 0),
(559, '50', '4', 'GR_6', 1750, 1005, 1838, 1080, 0),
(560, '50', '4', 'GR_7', 1026, 0, 1145, 62, 0),
(561, '50', '3', 'WH_8', 2232, 968, 2303, 1032, 0),
(562, '50', '3', 'WH_9', 2238, 1085, 2304, 1175, 0),
(563, '50', '4', 'GR_10', 110, 76, 196, 142, 0),
(564, '50', '2', 'W_11', 70, 1102, 154, 1178, 0),
(565, '50', '4', 'GR_12', 311, 1229, 421, 1296, 0),
(566, '50', '2', 'W_13', 2184, 123, 2271, 194, 0),
(567, '50', '3', 'WH_14', 16, 1154, 97, 1263, 0),
(568, '50', '2', 'W_15', 52, 310, 130, 389, 0),
(569, '50', '2', 'W_16', 2241, 625, 2304, 763, 0),
(570, '50', '4', 'GR_17', 49, 299, 122, 381, 0),
(571, '50', '3', 'WH_18', 2241, 669, 2303, 763, 0),
(572, '50', '4', 'GR_19', 35, 417, 119, 514, 0),
(573, '50', '4', 'GR_20', 51, 700, 119, 776, 0),
(574, '51', '4', 'GR_0', 2012, 507, 2139, 633, 1),
(575, '51', '4', 'GR_1', 1945, 993, 2013, 1079, 0),
(576, '51', '4', 'GR_2', 505, 870, 577, 936, 0),
(577, '51', '2', 'W_3', 1618, 129, 1715, 226, 0),
(578, '51', '4', 'GR_4', 1883, 720, 1955, 785, 0),
(579, '51', '4', 'GR_5', 1746, 1007, 1839, 1081, 0),
(580, '51', '4', 'GR_6', 1026, 0, 1145, 63, 0),
(581, '51', '4', 'GR_7', 1434, 139, 1510, 220, 0),
(582, '51', '4', 'GR_8', 2238, 1083, 2304, 1174, 0),
(583, '51', '4', 'GR_9', 2232, 971, 2303, 1034, 0),
(584, '51', '4', 'GR_10', 111, 75, 195, 141, 0),
(585, '51', '1', 'IG_11', 2185, 123, 2272, 196, 0),
(586, '51', '4', 'GR_12', 309, 1230, 420, 1296, 0),
(587, '51', '4', 'GR_13', 15, 1153, 96, 1274, 0),
(588, '51', '2', 'W_14', 71, 1101, 154, 1172, 0),
(589, '51', '4', 'GR_15', 54, 306, 131, 389, 0),
(590, '51', '3', 'WH_16', 50, 295, 119, 372, 0),
(591, '51', '4', 'GR_17', 2244, 627, 2304, 764, 0),
(592, '51', '1', 'IG_18', 34, 416, 117, 513, 0),
(593, '51', '4', 'GR_19', 2244, 679, 2303, 763, 0),
(594, '51', '4', 'GR_20', 50, 695, 119, 778, 0),
(595, '52', '4', 'GR_0', 2012, 507, 2139, 633, 0),
(596, '52', '2', 'W_1', 1617, 130, 1715, 225, 0),
(597, '52', '4', 'GR_2', 1946, 991, 2012, 1079, 0),
(598, '52', '4', 'GR_3', 505, 868, 577, 936, 0),
(599, '52', '4', 'GR_4', 1883, 721, 1957, 785, 0),
(600, '52', '4', 'GR_5', 1747, 1007, 1840, 1079, 0),
(601, '52', '4', 'GR_6', 1435, 139, 1509, 220, 0),
(602, '52', '4', 'GR_7', 1026, 0, 1145, 63, 0),
(603, '52', '4', 'GR_8', 111, 75, 196, 142, 0),
(604, '52', '4', 'GR_9', 2227, 956, 2303, 1031, 0),
(605, '52', '4', 'GR_10', 313, 1230, 423, 1296, 0),
(606, '52', '4', 'GR_11', 2239, 1082, 2304, 1182, 0),
(607, '52', '4', 'GR_12', 70, 1101, 153, 1170, 0),
(608, '52', '4', 'GR_13', 15, 1156, 96, 1266, 0),
(609, '52', '1', 'IG_14', 2188, 124, 2270, 197, 0),
(610, '52', '4', 'GR_15', 2242, 627, 2304, 764, 0),
(611, '52', '4', 'GR_16', 63, 315, 132, 388, 0),
(612, '52', '4', 'GR_17', 2242, 674, 2303, 763, 0),
(613, '52', '4', 'GR_18', 34, 417, 118, 511, 0),
(614, '52', '0', 'H_19', 47, 297, 111, 365, 0),
(615, '52', '0', 'H_20', 2244, 619, 2303, 722, 0),
(616, '52', '4', 'GR_21', 55, 713, 118, 776, 0),
(617, '53', '4', 'GR_0', 2013, 508, 2140, 635, 0),
(618, '53', '4', 'GR_1', 1884, 718, 1957, 786, 0),
(619, '53', '4', 'GR_2', 1944, 992, 2014, 1081, 0),
(620, '53', '4', 'GR_3', 1745, 1007, 1839, 1079, 0),
(621, '53', '4', 'GR_4', 505, 869, 578, 938, 0),
(622, '53', '2', 'W_5', 1615, 128, 1718, 225, 0),
(623, '53', '4', 'GR_6', 1026, 0, 1145, 63, 0),
(624, '53', '4', 'GR_7', 1434, 138, 1512, 221, 0),
(625, '53', '4', 'GR_8', 111, 76, 197, 143, 0),
(626, '53', '4', 'GR_9', 2232, 965, 2303, 1032, 0),
(627, '53', '4', 'GR_10', 310, 1229, 422, 1296, 0),
(628, '53', '4', 'GR_11', 2186, 127, 2271, 197, 0),
(629, '53', '4', 'GR_12', 2238, 1081, 2304, 1179, 0),
(630, '53', '4', 'GR_13', 68, 1102, 153, 1174, 0),
(631, '53', '4', 'GR_14', 15, 1155, 98, 1261, 0),
(632, '53', '4', 'GR_15', 53, 306, 133, 390, 0),
(633, '53', '2', 'W_16', 34, 417, 117, 513, 0),
(634, '53', '4', 'GR_17', 2240, 627, 2304, 763, 0),
(635, '53', '4', 'GR_18', 2240, 675, 2303, 763, 0),
(636, '53', '4', 'GR_19', 48, 298, 116, 371, 0),
(637, '53', '4', 'GR_20', 52, 700, 117, 775, 0),
(638, '54', '4', 'GR_0', 2014, 508, 2141, 635, NULL),
(639, '55', '4', 'GR_0', 2015, 509, 2142, 634, 0),
(640, '55', '2', 'W_1', 1617, 129, 1718, 223, 0),
(641, '55', '4', 'GR_2', 1948, 998, 2017, 1078, 0),
(642, '55', '4', 'GR_3', 507, 870, 577, 938, 0),
(643, '55', '4', 'GR_4', 1745, 1008, 1840, 1077, 0),
(644, '55', '4', 'GR_5', 1879, 721, 1954, 786, 0),
(645, '55', '4', 'GR_6', 2238, 1084, 2304, 1175, 0),
(646, '55', '4', 'GR_7', 1033, 0, 1138, 68, 0),
(647, '55', '4', 'GR_8', 2231, 966, 2303, 1032, 0),
(648, '55', '1', 'IG_9', 1435, 137, 1511, 220, 0),
(649, '55', '4', 'GR_10', 309, 1228, 421, 1296, 0),
(650, '55', '4', 'GR_11', 113, 78, 195, 143, 0),
(651, '55', '4', 'GR_12', 15, 1157, 96, 1273, 0),
(652, '55', '4', 'GR_13', 2192, 129, 2270, 198, 0),
(653, '55', '4', 'GR_14', 1025, 331, 1076, 382, 1),
(654, '55', '1', 'IG_15', 67, 1104, 147, 1170, 0),
(655, '55', '4', 'GR_16', 2244, 631, 2304, 763, 0),
(656, '55', '4', 'GR_17', 2244, 682, 2303, 762, 0),
(657, '55', '4', 'GR_18', 37, 419, 120, 511, 0),
(658, '55', '4', 'GR_19', 8, 1161, 100, 1296, 0),
(659, '56', '4', 'GR_0', 2014, 510, 2144, 633, 0),
(660, '56', '4', 'GR_1', 1618, 128, 1716, 226, 0),
(661, '56', '4', 'GR_2', 1949, 997, 2017, 1080, 0),
(662, '56', '4', 'GR_3', 1882, 721, 1956, 787, 0),
(663, '56', '4', 'GR_4', 507, 869, 577, 938, 0),
(664, '56', '4', 'GR_5', 1745, 1006, 1839, 1078, 0),
(665, '56', '4', 'GR_6', 1027, 0, 1142, 65, 0),
(666, '56', '4', 'GR_7', 117, 79, 194, 142, 0),
(667, '56', '4', 'GR_8', 1436, 138, 1511, 220, 0),
(668, '56', '4', 'GR_9', 2237, 1084, 2304, 1182, 0),
(669, '56', '4', 'GR_10', 2188, 123, 2269, 196, 0),
(670, '56', '4', 'GR_11', 2231, 959, 2303, 1033, 0),
(671, '56', '4', 'GR_12', 311, 1229, 421, 1296, 0),
(672, '56', '4', 'GR_13', 1325, 921, 1371, 966, 1),
(673, '56', '4', 'GR_14', 65, 1101, 154, 1174, 0),
(674, '56', '4', 'GR_15', 60, 712, 122, 775, 0),
(675, '56', '4', 'GR_16', 71, 316, 133, 389, 0),
(676, '56', '4', 'GR_17', 2243, 629, 2304, 763, 0),
(677, '56', '4', 'GR_18', 2243, 673, 2303, 762, 0),
(678, '56', '4', 'GR_19', 15, 1157, 98, 1270, 0),
(679, '56', '4', 'GR_20', 35, 418, 121, 510, 0),
(680, '56', '3', 'WH_21', 53, 297, 117, 372, 0),
(681, '56', '0', 'H_22', 61, 301, 124, 382, 0),
(682, '56', '4', 'GR_23', 8, 1162, 103, 1296, 0),
(683, '57', '4', 'GR_0', 2011, 509, 2146, 632, 0),
(684, '57', '2', 'W_1', 1617, 127, 1717, 228, 0),
(685, '57', '4', 'GR_2', 1880, 719, 1957, 788, 0),
(686, '57', '4', 'GR_3', 1949, 996, 2016, 1080, 0),
(687, '57', '4', 'GR_4', 507, 868, 578, 939, 0),
(688, '57', '4', 'GR_5', 1744, 1007, 1840, 1079, 0),
(689, '57', '4', 'GR_6', 1028, 0, 1143, 66, 0),
(690, '57', '4', 'GR_7', 1433, 137, 1514, 222, 0),
(691, '57', '1', 'IG_8', 2186, 126, 2269, 199, 0),
(692, '57', '4', 'GR_9', 113, 79, 194, 145, 0),
(693, '57', '4', 'GR_10', 2230, 959, 2303, 1034, 0),
(694, '57', '4', 'GR_11', 310, 1230, 423, 1296, 0),
(695, '57', '4', 'GR_12', 65, 1100, 154, 1177, 0),
(696, '57', '1', 'IG_13', 2238, 1084, 2304, 1182, 0),
(697, '57', '4', 'GR_14', 1114, 752, 1164, 802, 1),
(698, '57', '4', 'GR_15', 15, 1155, 97, 1268, 0),
(699, '57', '4', 'GR_16', 52, 298, 131, 389, 0),
(700, '57', '4', 'GR_17', 2242, 665, 2303, 764, 0),
(701, '57', '4', 'GR_18', 2241, 625, 2304, 764, 0),
(702, '57', '2', 'W_19', 37, 424, 120, 514, 0),
(703, '57', '4', 'GR_20', 55, 709, 122, 777, 0),
(704, '57', '3', 'WH_21', 6, 1161, 102, 1296, 0),
(705, '58', '4', 'GR_0', 2015, 511, 2146, 633, NULL),
(706, '58', '2', 'W_1', 1619, 128, 1716, 228, NULL),
(707, '58', '4', 'GR_2', 1952, 997, 2017, 1078, NULL),
(708, '58', '4', 'GR_3', 508, 870, 576, 938, NULL),
(709, '58', '4', 'GR_4', 1027, 0, 1141, 65, NULL),
(710, '58', '4', 'GR_5', 1746, 1008, 1839, 1079, NULL),
(711, '58', '4', 'GR_6', 1882, 720, 1954, 788, NULL),
(712, '58', '4', 'GR_7', 2187, 126, 2270, 199, NULL),
(713, '58', '4', 'GR_8', 114, 78, 196, 143, NULL),
(714, '58', '4', 'GR_9', 2229, 961, 2303, 1036, NULL),
(715, '58', '4', 'GR_10', 1435, 138, 1513, 222, NULL),
(716, '58', '4', 'GR_11', 66, 1103, 151, 1179, NULL),
(717, '58', '4', 'GR_12', 2237, 1082, 2304, 1190, NULL),
(718, '58', '4', 'GR_13', 310, 1229, 421, 1296, NULL),
(719, '58', '4', 'GR_14', 14, 1157, 97, 1270, NULL),
(720, '58', '4', 'GR_15', 65, 309, 137, 393, NULL),
(721, '58', '4', 'GR_16', 62, 713, 122, 775, NULL),
(722, '58', '4', 'GR_17', 2243, 681, 2303, 765, NULL),
(723, '58', '1', 'IG_18', 2242, 630, 2304, 766, NULL),
(724, '58', '4', 'GR_19', 59, 301, 126, 388, NULL),
(725, '58', '2', 'W_20', 38, 419, 120, 511, NULL),
(726, '58', '4', 'GR_21', 7, 1163, 102, 1296, NULL),
(727, '58', '2', 'W_22', 36, 420, 120, 509, NULL),
(728, '59', '4', 'GR_0', 2015, 509, 2144, 634, 0),
(729, '59', '4', 'GR_1', 1619, 129, 1717, 229, 0),
(730, '59', '4', 'GR_2', 1951, 999, 2017, 1079, 0),
(731, '59', '4', 'GR_3', 508, 869, 575, 938, 0),
(732, '59', '4', 'GR_4', 1029, 0, 1140, 66, 0),
(733, '59', '4', 'GR_5', 1748, 1006, 1838, 1081, 0),
(734, '59', '4', 'GR_6', 1879, 720, 1954, 788, 0),
(735, '59', '4', 'GR_7', 1435, 138, 1512, 223, 0),
(736, '59', '4', 'GR_8', 64, 1104, 140, 1179, 0),
(737, '59', '4', 'GR_9', 2217, 950, 2303, 1032, 0),
(738, '59', '4', 'GR_10', 2188, 127, 2269, 199, 0),
(739, '59', '4', 'GR_11', 117, 77, 196, 141, 0),
(740, '59', '4', 'GR_12', 305, 1233, 419, 1296, 0),
(741, '59', '4', 'GR_13', 60, 708, 126, 777, 0),
(742, '59', '4', 'GR_14', 14, 1162, 98, 1286, 0),
(743, '59', '4', 'GR_15', 2238, 1083, 2304, 1181, 0),
(744, '59', '4', 'GR_16', 2243, 686, 2303, 765, 0),
(745, '59', '2', 'W_17', 36, 420, 123, 514, 0),
(746, '59', '4', 'GR_18', 56, 300, 132, 392, 0),
(747, '59', '2', 'W_19', 19, 1157, 92, 1263, 0),
(748, '59', '2', 'W_20', 2242, 644, 2304, 766, 0),
(749, '60', '4', 'GR_0', 2018, 509, 2142, 633, 0),
(750, '60', '4', 'GR_1', 1952, 998, 2017, 1079, 0),
(751, '60', '4', 'GR_2', 1029, 0, 1141, 65, 0),
(752, '60', '4', 'GR_3', 508, 868, 576, 939, 0),
(753, '60', '2', 'W_4', 1619, 129, 1714, 228, 0),
(754, '60', '4', 'GR_5', 1436, 139, 1512, 223, 0),
(755, '60', '4', 'GR_6', 1882, 720, 1955, 788, 0),
(756, '60', '4', 'GR_7', 1747, 1008, 1836, 1082, 0),
(757, '60', '4', 'GR_8', 119, 79, 196, 141, 0),
(758, '60', '4', 'GR_9', 2238, 1083, 2304, 1181, 0),
(759, '60', '4', 'GR_10', 2189, 126, 2267, 200, 0),
(760, '60', '2', 'W_11', 305, 1231, 419, 1296, 0),
(761, '60', '4', 'GR_12', 15, 1159, 95, 1267, 0),
(762, '60', '1', 'IG_13', 67, 1100, 151, 1191, 0),
(763, '60', '0', 'H_14', 50, 300, 135, 392, 0),
(764, '60', '4', 'GR_15', 62, 713, 124, 776, 0),
(765, '60', '4', 'GR_16', 2232, 970, 2303, 1035, 0),
(766, '60', '4', 'GR_17', 2242, 685, 2303, 765, 0),
(767, '60', '1', 'IG_18', 2241, 638, 2304, 766, 0),
(768, '60', '4', 'GR_19', 36, 421, 122, 513, 0),
(769, '60', '2', 'W_20', 38, 421, 122, 515, 0),
(770, '60', '1', 'IG_21', 9, 1166, 99, 1295, 0),
(771, '61', '2', 'W_0', 2015, 509, 2144, 633, 0),
(772, '61', '0', 'H_1', 1948, 997, 2017, 1081, 0),
(773, '61', '1', 'IG_2', 1030, 0, 1141, 66, 0),
(774, '61', '1', 'IG_3', 1619, 128, 1715, 229, 0),
(775, '61', '1', 'IG_4', 506, 873, 576, 939, 0),
(776, '61', '0', 'H_5', 1746, 1007, 1839, 1082, 0),
(777, '61', '2', 'W_6', 1437, 139, 1513, 223, 0),
(778, '61', '0', 'H_7', 1882, 720, 1954, 789, 0),
(779, '61', '1', 'IG_8', 68, 1101, 149, 1184, 0),
(780, '61', '0', 'H_9', 115, 80, 197, 142, 0),
(781, '61', '0', 'H_10', 2190, 125, 2269, 199, 0),
(782, '61', '0', 'H_11', 310, 1230, 423, 1296, 0),
(783, '61', '0', 'H_12', 2232, 970, 2303, 1036, 0),
(784, '61', '0', 'H_13', 2239, 1080, 2304, 1182, 0),
(785, '61', '2', 'W_14', 14, 1159, 98, 1292, 0),
(786, '61', '0', 'H_15', 37, 422, 123, 514, 0),
(787, '61', '0', 'H_16', 2244, 677, 2303, 764, 0),
(788, '61', '0', 'H_17', 59, 709, 122, 777, 0),
(789, '61', '2', 'W_18', 53, 301, 133, 393, 0),
(790, '62', '2', 'W_0', 2017, 510, 2143, 633, 0),
(791, '62', '2', 'W_1', 1950, 995, 2015, 1080, 0),
(792, '62', '0', 'H_2', 508, 870, 576, 939, 0),
(793, '62', '1', 'IG_3', 1619, 129, 1717, 229, 0),
(794, '62', '1', 'IG_4', 1030, 0, 1140, 65, 0),
(795, '62', '0', 'H_5', 1747, 1009, 1837, 1083, 0),
(796, '62', '0', 'H_6', 1882, 721, 1956, 790, 0),
(797, '62', '1', 'IG_7', 1436, 138, 1512, 222, 0),
(798, '62', '0', 'H_8', 115, 79, 196, 142, 0),
(799, '62', '0', 'H_9', 2238, 1081, 2304, 1189, 0),
(800, '62', '2', 'W_10', 36, 421, 121, 513, 0),
(801, '62', '1', 'IG_11', 15, 1158, 95, 1274, 0),
(802, '62', '1', 'IG_12', 66, 1098, 156, 1193, 0),
(803, '62', '1', 'IG_13', 2191, 128, 2268, 199, 0),
(804, '62', '0', 'H_14', 2232, 973, 2303, 1039, 0),
(805, '62', '2', 'W_15', 57, 710, 125, 778, 0),
(806, '62', '2', 'W_16', 68, 311, 138, 393, 0),
(807, '62', '2', 'W_17', 304, 1231, 421, 1296, 0),
(808, '62', '0', 'H_18', 2177, 9, 2265, 85, 0),
(809, '62', '0', 'H_19', 2244, 688, 2303, 764, 0),
(810, '62', '4', 'GR_20', 2243, 643, 2304, 765, 0),
(811, '62', '2', 'W_21', 59, 302, 129, 390, 0),
(812, '63', '2', 'W_0', 2017, 509, 2144, 633, 0),
(813, '63', '0', 'H_1', 1949, 999, 2014, 1082, 0),
(814, '63', '1', 'IG_2', 507, 872, 578, 940, 0),
(815, '63', '0', 'H_3', 1436, 139, 1513, 224, 0),
(816, '63', '0', 'H_4', 1883, 720, 1958, 788, 0),
(817, '63', '1', 'IG_5', 1618, 127, 1716, 232, 0),
(818, '63', '1', 'IG_6', 1746, 1009, 1838, 1085, 0),
(819, '63', '1', 'IG_7', 1030, 0, 1141, 66, 0),
(820, '63', '0', 'H_8', 115, 79, 197, 144, 0),
(821, '63', '1', 'IG_9', 2190, 125, 2270, 198, 0),
(822, '63', '1', 'IG_10', 69, 1103, 150, 1190, 0),
(823, '63', '2', 'W_11', 61, 711, 126, 777, 0),
(824, '63', '2', 'W_12', 37, 420, 123, 514, 0),
(825, '63', '0', 'H_13', 2232, 967, 2304, 1038, 0),
(826, '63', '1', 'IG_14', 309, 1230, 424, 1296, 0),
(827, '63', '0', 'H_15', 2237, 1083, 2304, 1184, 0),
(828, '63', '1', 'IG_16', 15, 1157, 94, 1279, 0),
(829, '63', '2', 'W_17', 62, 305, 139, 394, 0),
(830, '63', '0', 'H_18', 2243, 685, 2303, 765, 0),
(831, '63', '4', 'GR_19', 2242, 635, 2304, 766, 0),
(832, '63', '2', 'W_20', 54, 300, 126, 387, 0),
(833, '64', '2', 'W_0', 2018, 509, 2144, 633, 0),
(834, '64', '1', 'IG_1', 1619, 130, 1718, 225, 0),
(835, '64', '0', 'H_2', 1952, 999, 2020, 1079, 0),
(836, '64', '1', 'IG_3', 508, 869, 578, 937, 0),
(837, '64', '0', 'H_4', 1746, 1008, 1839, 1081, 0),
(838, '64', '0', 'H_5', 1883, 721, 1956, 787, 0),
(839, '64', '2', 'W_6', 1438, 140, 1513, 221, 0),
(840, '64', '2', 'W_7', 318, 1230, 424, 1296, 0),
(841, '64', '1', 'IG_8', 2190, 127, 2271, 198, 0),
(842, '64', '0', 'H_9', 119, 78, 195, 143, 0),
(843, '64', '1', 'IG_10', 1030, 0, 1142, 62, 0),
(844, '64', '0', 'H_11', 2233, 970, 2304, 1038, 0),
(845, '64', '0', 'H_12', 67, 1102, 148, 1188, 0),
(846, '64', '0', 'H_13', 2238, 1085, 2304, 1179, 0),
(847, '64', '1', 'IG_14', 66, 708, 125, 773, 0),
(848, '64', '2', 'W_15', 36, 422, 122, 513, 0),
(849, '64', '4', 'GR_16', 2245, 633, 2304, 765, 0),
(850, '64', '0', 'H_17', 2246, 681, 2303, 764, 0),
(851, '64', '0', 'H_18', 15, 1159, 96, 1267, 0),
(852, '64', '0', 'H_19', 70, 319, 137, 392, 0),
(853, '64', '0', 'H_20', 63, 305, 132, 388, 0),
(854, '65', '2', 'W_0', 2007, 509, 2131, 629, 1),
(855, '65', '0', 'H_1', 1738, 1008, 1830, 1077, NULL),
(856, '65', '0', 'H_2', 1434, 143, 1509, 224, NULL),
(857, '65', '1', 'IG_3', 1617, 129, 1713, 228, NULL),
(858, '65', '0', 'H_4', 1943, 992, 2009, 1077, NULL),
(859, '65', '1', 'IG_5', 509, 867, 579, 935, NULL),
(860, '65', '1', 'IG_6', 1868, 723, 1945, 783, NULL),
(861, '65', '0', 'H_7', 2235, 1082, 2303, 1175, NULL),
(862, '65', '1', 'IG_8', 1027, 0, 1144, 62, NULL),
(863, '65', '1', 'IG_9', 2182, 125, 2270, 196, NULL),
(864, '65', '0', 'H_10', 107, 73, 192, 142, NULL),
(865, '65', '1', 'IG_11', 310, 1230, 418, 1296, NULL),
(866, '65', '1', 'IG_12', 63, 1104, 150, 1170, NULL),
(867, '65', '1', 'IG_13', 17, 1158, 94, 1253, NULL),
(868, '65', '0', 'H_14', 2228, 969, 2301, 1032, NULL),
(869, '65', '0', 'H_15', 2231, 622, 2304, 764, NULL),
(870, '65', '2', 'W_16', 52, 691, 126, 781, NULL),
(871, '65', '1', 'IG_17', 7, 1165, 99, 1296, NULL),
(872, '65', '0', 'H_18', 50, 299, 122, 383, NULL),
(873, '66', '2', 'W_0', 2004, 510, 2131, 630, 0),
(874, '66', '0', 'H_1', 1740, 1005, 1830, 1077, 1),
(875, '66', '0', 'H_2', 1619, 128, 1713, 224, 1),
(876, '66', '0', 'H_3', 508, 865, 579, 934, 1),
(877, '66', '2', 'W_4', 1942, 990, 2009, 1078, 1),
(878, '66', '1', 'IG_5', 1870, 722, 1945, 783, 1),
(879, '66', '0', 'H_6', 1434, 142, 1511, 222, 1),
(880, '66', '0', 'H_7', 2236, 1081, 2303, 1176, 1),
(881, '66', '0', 'H_8', 67, 1100, 153, 1184, 1),
(882, '66', '1', 'IG_9', 1029, 0, 1141, 63, 1),
(883, '66', '1', 'IG_10', 2184, 125, 2270, 194, 1),
(884, '66', '0', 'H_11', 2229, 973, 2301, 1032, 1),
(885, '66', '1', 'IG_12', 309, 1231, 419, 1296, 1),
(886, '66', '1', 'IG_13', 16, 1153, 95, 1255, 1),
(887, '66', '2', 'W_14', 48, 684, 127, 784, 1),
(888, '66', '1', 'IG_15', 2232, 624, 2304, 762, 1),
(889, '66', '2', 'W_16', 40, 415, 116, 506, 1),
(890, '66', '0', 'H_17', 2233, 674, 2303, 762, 0),
(891, '66', '0', 'H_18', 109, 76, 188, 141, 1),
(892, '66', '2', 'W_19', 47, 298, 130, 387, 1),
(893, '66', '1', 'IG_20', 2239, 619, 2303, 716, 0),
(894, '67', '2', 'W_0', 2003, 508, 2135, 632, 0),
(895, '67', '0', 'H_1', 1618, 128, 1713, 223, 0),
(896, '67', '0', 'H_2', 1738, 1004, 1834, 1076, 0),
(897, '67', '1', 'IG_3', 1873, 720, 1946, 783, 0),
(898, '67', '0', 'H_4', 1940, 991, 2012, 1075, 0),
(899, '67', '1', 'IG_5', 509, 866, 578, 935, 0),
(900, '67', '2', 'W_6', 1435, 140, 1510, 221, 0),
(901, '67', '1', 'IG_7', 1027, 0, 1141, 63, 0),
(902, '67', '3', 'WH_8', 2238, 1083, 2304, 1178, 0),
(903, '67', '1', 'IG_9', 2182, 123, 2271, 195, 0),
(904, '67', '0', 'H_10', 69, 1099, 151, 1173, 0),
(905, '67', '1', 'IG_11', 315, 1229, 418, 1296, 0),
(906, '67', '1', 'IG_12', 2229, 971, 2302, 1032, 0),
(907, '67', '0', 'H_13', 17, 1150, 98, 1254, 0),
(908, '67', '0', 'H_14', 2229, 623, 2304, 766, 0),
(909, '67', '2', 'W_15', 54, 693, 128, 784, 0),
(910, '67', '2', 'W_16', 41, 415, 119, 506, 0),
(911, '67', '1', 'IG_17', 10, 1153, 102, 1296, 0),
(912, '67', '0', 'H_18', 2238, 618, 2303, 711, 0),
(913, '68', '0', 'H_0', 2003, 509, 2130, 632, 0),
(914, '68', '0', 'H_1', 1734, 1005, 1836, 1077, 0),
(915, '68', '1', 'IG_2', 1616, 127, 1714, 225, 0),
(916, '68', '1', 'IG_3', 508, 866, 581, 935, 0),
(917, '68', '2', 'W_4', 1941, 991, 2011, 1076, 0),
(918, '68', '1', 'IG_5', 1871, 715, 1946, 781, 0),
(919, '68', '0', 'H_6', 1434, 138, 1511, 221, 0),
(920, '68', '1', 'IG_7', 2236, 1084, 2304, 1175, 0),
(921, '68', '1', 'IG_8', 1025, 0, 1144, 63, 0),
(922, '68', '1', 'IG_9', 2181, 123, 2272, 194, 0),
(923, '68', '2', 'W_10', 312, 1228, 415, 1296, 0),
(924, '68', '1', 'IG_11', 2228, 971, 2302, 1032, 0),
(925, '68', '0', 'H_12', 2228, 622, 2304, 763, 0),
(926, '68', '1', 'IG_13', 19, 1153, 99, 1255, 0),
(927, '68', '0', 'H_14', 2231, 666, 2303, 763, 0),
(928, '68', '0', 'H_15', 112, 74, 191, 142, 0),
(929, '68', '0', 'H_16', 56, 702, 126, 778, 0),
(930, '68', '2', 'W_17', 2175, 6, 2270, 87, 1),
(931, '68', '0', 'H_18', 10, 1162, 102, 1296, 0),
(932, '68', '2', 'W_19', 41, 413, 119, 510, 0),
(933, '69', '2', 'W_0', 2007, 509, 2131, 629, 0),
(934, '69', '1', 'IG_1', 1619, 128, 1715, 224, 0),
(935, '69', '1', 'IG_2', 1941, 993, 2010, 1075, 0),
(936, '69', '0', 'H_3', 1738, 1005, 1832, 1076, 0),
(937, '69', '2', 'W_4', 1435, 135, 1512, 219, 0),
(938, '69', '1', 'IG_5', 509, 866, 579, 935, 0),
(939, '69', '0', 'H_6', 1868, 717, 1938, 781, 0),
(940, '69', '3', 'WH_7', 2237, 1084, 2303, 1175, 0),
(941, '69', '1', 'IG_8', 1027, 0, 1145, 60, 0),
(942, '69', '1', 'IG_9', 316, 1227, 410, 1296, 0),
(943, '69', '1', 'IG_10', 2185, 122, 2271, 193, 0),
(944, '69', '0', 'H_11', 2226, 969, 2303, 1030, 0),
(945, '69', '0', 'H_12', 2233, 623, 2304, 764, 0),
(946, '69', '1', 'IG_13', 66, 1101, 150, 1178, 0),
(947, '69', '2', 'W_14', 19, 1155, 95, 1255, 0),
(948, '69', '2', 'W_15', 52, 686, 126, 783, 0),
(949, '70', '2', 'W_0', 2008, 506, 2127, 626, 0),
(950, '70', '1', 'IG_1', 1618, 127, 1715, 221, 0),
(951, '70', '0', 'H_2', 1942, 994, 2011, 1074, 0),
(952, '70', '1', 'IG_3', 508, 864, 579, 932, 0),
(953, '70', '2', 'W_4', 1437, 135, 1512, 219, 0),
(954, '70', '0', 'H_5', 1741, 1004, 1831, 1074, 0),
(955, '70', '1', 'IG_6', 1868, 720, 1938, 781, 0),
(956, '70', '2', 'W_7', 2237, 1085, 2303, 1177, 0),
(957, '70', '1', 'IG_8', 312, 1227, 418, 1296, 0),
(958, '70', '1', 'IG_9', 2228, 963, 2303, 1029, 0),
(959, '70', '0', 'H_10', 2186, 122, 2271, 195, 0),
(960, '70', '1', 'IG_11', 1030, 0, 1146, 58, 0),
(961, '70', '2', 'W_12', 41, 412, 119, 511, 0),
(962, '70', '0', 'H_13', 2233, 623, 2304, 764, 0),
(963, '70', '0', 'H_14', 108, 71, 195, 136, 0),
(964, '70', '0', 'H_15', 2235, 667, 2303, 763, 0),
(965, '70', '2', 'W_16', 18, 1158, 97, 1256, 0),
(966, '70', '1', 'IG_17', 66, 1100, 150, 1177, 0),
(967, '70', '2', 'W_18', 49, 296, 130, 381, 0),
(968, '70', '0', 'H_19', 57, 699, 126, 778, 0),
(969, '71', '2', 'W_0', 2010, 507, 2127, 620, 0),
(970, '71', '1', 'IG_1', 1943, 991, 2012, 1074, 0),
(971, '71', '1', 'IG_2', 1621, 127, 1716, 219, 0),
(972, '71', '0', 'H_3', 1740, 1004, 1834, 1074, 0),
(973, '71', '2', 'W_4', 1437, 135, 1511, 218, 0),
(974, '71', '1', 'IG_5', 315, 1225, 411, 1296, 0),
(975, '71', '1', 'IG_6', 1869, 720, 1942, 780, 0),
(976, '71', '0', 'H_7', 509, 864, 577, 933, 0),
(977, '71', '0', 'H_8', 68, 1098, 148, 1175, 0),
(978, '71', '0', 'H_9', 2225, 951, 2303, 1030, 0),
(979, '71', '1', 'IG_10', 2184, 118, 2273, 192, 0),
(980, '71', '1', 'IG_11', 1033, 0, 1144, 58, 0),
(981, '71', '0', 'H_12', 2238, 1083, 2303, 1177, 0),
(982, '71', '0', 'H_13', 111, 70, 196, 137, 0),
(983, '71', '0', 'H_14', 2234, 622, 2304, 763, 0),
(984, '71', '2', 'W_15', 41, 409, 121, 513, 0),
(985, '71', '0', 'H_16', 2175, 5, 2271, 83, 0),
(986, '71', '0', 'H_17', 19, 1153, 97, 1252, 0),
(987, '71', '0', 'H_18', 2233, 663, 2303, 762, 0),
(988, '72', '2', 'W_0', 2008, 505, 2129, 620, 0),
(989, '72', '2', 'W_1', 1944, 988, 2012, 1074, 0),
(990, '72', '1', 'IG_2', 316, 1223, 409, 1296, 0),
(991, '72', '2', 'W_3', 1437, 133, 1514, 217, 0),
(992, '72', '1', 'IG_4', 1872, 718, 1947, 780, 0),
(993, '72', '1', 'IG_5', 509, 864, 577, 932, 0),
(994, '72', '0', 'H_6', 1744, 1002, 1834, 1073, 0),
(995, '72', '0', 'H_7', 1619, 124, 1717, 219, 0),
(996, '72', '1', 'IG_8', 2183, 116, 2273, 192, 0),
(997, '72', '0', 'H_9', 2227, 964, 2303, 1031, 0),
(998, '72', '0', 'H_10', 2235, 625, 2304, 763, 0),
(999, '72', '2', 'W_11', 40, 410, 121, 509, 0),
(1000, '72', '0', 'H_12', 111, 70, 199, 136, 0),
(1001, '72', '1', 'IG_13', 1037, 0, 1146, 56, 0),
(1002, '72', '1', 'IG_14', 65, 1099, 147, 1173, 0),
(1003, '72', '0', 'H_15', 2240, 1081, 2303, 1174, 0),
(1004, '72', '0', 'H_16', 2237, 668, 2303, 762, 0),
(1005, '72', '2', 'W_17', 19, 1155, 100, 1252, 0),
(1006, '72', '0', 'H_18', 2180, 8, 2271, 87, 0),
(1007, '73', '2', 'W_0', 2007, 505, 2133, 622, 0),
(1008, '73', '0', 'H_1', 1944, 985, 2012, 1073, 0),
(1009, '73', '0', 'H_2', 509, 862, 579, 932, 0),
(1010, '73', '0', 'H_3', 1618, 124, 1716, 220, 0),
(1011, '73', '1', 'IG_4', 315, 1221, 407, 1296, 0),
(1012, '73', '1', 'IG_5', 1742, 1000, 1835, 1072, 0),
(1013, '73', '1', 'IG_6', 1873, 716, 1945, 780, 0),
(1014, '73', '1', 'IG_7', 1438, 133, 1513, 216, 0),
(1015, '73', '1', 'IG_8', 2185, 119, 2274, 193, 0),
(1016, '73', '0', 'H_9', 2239, 1079, 2304, 1174, 0),
(1017, '73', '1', 'IG_10', 108, 67, 199, 133, 0),
(1018, '73', '0', 'H_11', 2176, 8, 2272, 87, 0),
(1019, '73', '0', 'H_12', 2236, 625, 2304, 762, 0),
(1020, '73', '2', 'W_13', 40, 410, 122, 511, 0),
(1021, '73', '1', 'IG_14', 2224, 947, 2303, 1031, 0),
(1022, '73', '0', 'H_15', 63, 1096, 151, 1180, 0),
(1023, '73', '1', 'IG_16', 17, 1158, 99, 1257, 0),
(1024, '73', '1', 'IG_17', 1034, 1, 1143, 53, 0),
(1025, '73', '0', 'H_18', 2238, 686, 2303, 761, 0),
(1026, '73', '1', 'IG_19', 2241, 613, 2303, 706, 0),
(1027, '74', '2', 'W_0', 2007, 503, 2131, 624, 0),
(1028, '74', '0', 'H_1', 1943, 985, 2012, 1072, 0),
(1029, '74', '1', 'IG_2', 1622, 119, 1717, 218, 0),
(1030, '74', '0', 'H_3', 509, 860, 580, 930, 0),
(1031, '74', '0', 'H_4', 316, 1210, 407, 1296, 0),
(1032, '74', '2', 'W_5', 1439, 128, 1515, 214, 0),
(1033, '74', '0', 'H_6', 1744, 998, 1835, 1071, 0),
(1034, '74', '1', 'IG_7', 1873, 712, 1950, 778, 0);
INSERT INTO `seg_photo` (`SP_id`, `photo_id`, `mosquito_id`, `SP_storage`, `x1`, `y1`, `x2`, `y2`, `new`) VALUES
(1035, '74', '1', 'IG_8', 2186, 114, 2272, 190, 0),
(1036, '74', '2', 'W_9', 41, 408, 121, 504, 0),
(1037, '74', '0', 'H_10', 112, 66, 197, 133, 0),
(1038, '74', '0', 'H_11', 2240, 1077, 2303, 1172, 0),
(1039, '74', '0', 'H_12', 2236, 622, 2304, 761, 0),
(1040, '74', '0', 'H_13', 2181, 9, 2269, 85, 0),
(1041, '74', '0', 'H_14', 2221, 938, 2303, 1029, 0),
(1042, '74', '1', 'IG_15', 1029, 0, 1147, 53, 0),
(1043, '74', '0', 'H_16', 15, 1197, 95, 1268, 0),
(1044, '74', '0', 'H_17', 2238, 679, 2303, 762, 0),
(1045, '75', '2', 'W_0', 2007, 502, 2134, 625, 0),
(1046, '75', '1', 'IG_1', 1944, 981, 2010, 1071, 0),
(1047, '75', '0', 'H_2', 510, 860, 584, 930, 0),
(1048, '75', '0', 'H_3', 1623, 120, 1720, 217, 0),
(1049, '75', '0', 'H_4', 316, 1217, 412, 1296, 0),
(1050, '75', '2', 'W_5', 1439, 127, 1516, 212, 0),
(1051, '75', '0', 'H_6', 1741, 998, 1837, 1071, 0),
(1052, '75', '1', 'IG_7', 1875, 712, 1949, 776, 0),
(1053, '75', '0', 'H_8', 2220, 934, 2303, 1028, 0),
(1054, '75', '2', 'W_9', 42, 409, 127, 509, 0),
(1055, '75', '1', 'IG_10', 2186, 114, 2275, 190, 0),
(1056, '75', '0', 'H_11', 111, 61, 198, 132, 0),
(1057, '75', '0', 'H_12', 2237, 623, 2304, 759, 0),
(1058, '75', '4', 'GR_13', 2240, 1076, 2304, 1175, 0),
(1059, '75', '0', 'H_14', 2179, 9, 2270, 84, 0),
(1060, '75', '1', 'IG_15', 1034, 0, 1146, 53, 0),
(1061, '75', '0', 'H_16', 65, 1091, 162, 1173, 0),
(1062, '75', '2', 'W_17', 54, 286, 134, 381, 0),
(1063, '76', '2', 'W_0', 2010, 502, 2127, 620, 0),
(1064, '76', '2', 'W_1', 1945, 981, 2009, 1071, 0),
(1065, '76', '1', 'IG_2', 509, 860, 584, 928, 0),
(1066, '76', '0', 'H_3', 315, 1215, 412, 1296, 0),
(1067, '76', '2', 'W_4', 1439, 127, 1516, 212, 0),
(1068, '76', '0', 'H_5', 1741, 999, 1834, 1070, 0),
(1069, '76', '1', 'IG_6', 1873, 709, 1946, 774, 0),
(1070, '76', '1', 'IG_7', 72, 1090, 158, 1169, 0),
(1071, '76', '0', 'H_8', 1625, 118, 1719, 218, 0),
(1072, '76', '2', 'W_9', 43, 410, 124, 513, 0),
(1073, '76', '2', 'W_10', 2238, 1077, 2304, 1175, 0),
(1074, '76', '0', 'H_11', 112, 59, 197, 131, 0),
(1075, '76', '0', 'H_12', 2188, 110, 2272, 188, 0),
(1076, '76', '0', 'H_13', 2227, 948, 2303, 1028, 0),
(1077, '76', '0', 'H_14', 2237, 638, 2304, 762, 0),
(1078, '76', '0', 'H_15', 2183, 8, 2271, 79, 0),
(1079, '76', '0', 'H_16', 1030, 0, 1141, 51, 0),
(1080, '76', '2', 'W_17', 20, 1142, 100, 1250, 0),
(1081, '76', '0', 'H_18', 2239, 690, 2303, 762, 0),
(1082, '76', '2', 'W_19', 53, 283, 133, 381, 0),
(1083, '77', '2', 'W_0', 2011, 500, 2125, 618, 0),
(1084, '77', '0', 'H_1', 313, 1215, 408, 1296, 0),
(1085, '77', '0', 'H_2', 1944, 983, 2008, 1070, 0),
(1086, '77', '1', 'IG_3', 510, 858, 580, 927, 0),
(1087, '77', '1', 'IG_4', 1440, 127, 1515, 213, 0),
(1088, '77', '0', 'H_5', 1626, 118, 1717, 217, 0),
(1089, '77', '1', 'IG_6', 1868, 713, 1947, 775, 0),
(1090, '77', '0', 'H_7', 1742, 998, 1835, 1070, 0),
(1091, '77', '1', 'IG_8', 69, 1090, 149, 1167, 0),
(1092, '77', '0', 'H_9', 43, 406, 124, 510, 0),
(1093, '77', '0', 'H_10', 112, 57, 195, 129, 0),
(1094, '77', '0', 'H_11', 2227, 961, 2303, 1029, 0),
(1095, '77', '2', 'W_12', 2235, 1075, 2304, 1175, 0),
(1096, '77', '1', 'IG_13', 2187, 111, 2275, 188, 0),
(1097, '77', '0', 'H_14', 1023, 0, 1140, 51, 0),
(1098, '77', '1', 'IG_15', 2183, 8, 2271, 80, 0),
(1099, '77', '2', 'W_16', 51, 281, 134, 381, 0),
(1100, '77', '0', 'H_17', 2237, 649, 2304, 761, 0),
(1101, '77', '0', 'H_18', 18, 1146, 102, 1251, 0),
(1102, '77', '0', 'H_19', 2239, 692, 2303, 761, 0),
(1103, '78', '1', 'IG_0', 1617, 128, 1719, 217, 0),
(1104, '78', '0', 'H_1', 1740, 1003, 1834, 1078, 0),
(1105, '78', '2', 'W_2', 2006, 506, 2129, 626, 0),
(1106, '78', '1', 'IG_3', 1871, 718, 1949, 780, 0),
(1107, '78', '0', 'H_4', 506, 861, 580, 932, 0),
(1108, '78', '1', 'IG_5', 1030, 0, 1141, 56, 0),
(1109, '78', '1', 'IG_6', 1444, 135, 1511, 214, 0),
(1110, '78', '0', 'H_7', 1944, 991, 2014, 1077, 0),
(1111, '78', '1', 'IG_8', 2192, 115, 2274, 184, 0),
(1112, '78', '4', 'GR_9', 2243, 1094, 2302, 1176, 0),
(1113, '78', '0', 'H_10', 110, 67, 198, 131, 0),
(1114, '78', '1', 'IG_11', 43, 892, 101, 974, 1),
(1115, '78', '0', 'H_12', 2221, 964, 2302, 1026, 0),
(1116, '78', '2', 'W_13', 56, 694, 132, 783, 0),
(1117, '78', '0', 'H_14', 2246, 674, 2303, 759, 0),
(1118, '78', '4', 'GR_15', 2243, 629, 2304, 759, 0),
(1119, '78', '2', 'W_16', 44, 420, 122, 512, 0),
(1120, '78', '2', 'W_17', 56, 300, 131, 388, 0),
(1121, '79', '0', 'H_0', 1738, 1005, 1837, 1079, 0),
(1122, '79', '1', 'IG_1', 1620, 129, 1718, 219, 0),
(1123, '79', '2', 'W_2', 2008, 506, 2126, 622, 0),
(1124, '79', '0', 'H_3', 1872, 720, 1940, 780, 0),
(1125, '79', '2', 'W_4', 1944, 993, 2010, 1078, 0),
(1126, '79', '1', 'IG_5', 1031, 0, 1141, 56, 0),
(1127, '79', '0', 'H_6', 1444, 134, 1510, 214, 0),
(1128, '79', '0', 'H_7', 507, 862, 582, 934, 0),
(1129, '79', '1', 'IG_8', 2193, 120, 2269, 185, 0),
(1130, '79', '0', 'H_9', 2247, 1091, 2303, 1178, 0),
(1131, '79', '2', 'W_10', 73, 1101, 151, 1176, 0),
(1132, '79', '0', 'H_11', 2184, 10, 2271, 78, 0),
(1133, '79', '2', 'W_12', 52, 686, 133, 783, 0),
(1134, '79', '0', 'H_13', 2243, 685, 2303, 758, 0),
(1135, '79', '4', 'GR_14', 2240, 629, 2304, 758, 0),
(1136, '79', '0', 'H_15', 113, 76, 194, 131, 0),
(1137, '79', '2', 'W_16', 59, 305, 133, 393, 0),
(1138, '80', '1', 'IG_0', 1619, 129, 1719, 220, NULL),
(1139, '80', '0', 'H_1', 1738, 1005, 1838, 1081, NULL),
(1140, '80', '2', 'W_2', 2011, 509, 2129, 627, NULL),
(1141, '81', '2', 'W_0', 2005, 510, 2133, 629, 0),
(1142, '81', '1', 'IG_1', 1736, 1006, 1837, 1081, 0),
(1143, '81', '0', 'H_2', 1620, 130, 1720, 219, 0),
(1144, '81', '0', 'H_3', 507, 864, 581, 934, 0),
(1145, '81', '1', 'IG_4', 1029, 0, 1139, 57, 0),
(1146, '81', '0', 'H_5', 1871, 721, 1946, 783, 0),
(1147, '81', '2', 'W_6', 1942, 991, 2013, 1080, 0),
(1148, '81', '2', 'W_7', 1442, 139, 1508, 215, 0),
(1149, '81', '1', 'IG_8', 2191, 123, 2275, 188, 0),
(1150, '81', '0', 'H_9', 2252, 1094, 2303, 1180, 0),
(1151, '81', '0', 'H_10', 115, 72, 194, 133, 0),
(1152, '81', '2', 'W_11', 54, 690, 129, 779, 0),
(1153, '81', '2', 'W_12', 68, 1098, 156, 1183, 0),
(1154, '81', '2', 'W_13', 61, 306, 133, 391, 0),
(1155, '81', '1', 'IG_14', 44, 896, 97, 979, 0),
(1156, '82', '0', 'H_0', 1740, 1005, 1841, 1081, 0),
(1157, '82', '2', 'W_1', 2005, 511, 2135, 628, 0),
(1158, '82', '1', 'IG_2', 1619, 129, 1719, 220, 0),
(1159, '82', '1', 'IG_3', 1025, 0, 1139, 58, 0),
(1160, '82', '0', 'H_4', 508, 865, 583, 935, 0),
(1161, '82', '1', 'IG_5', 1875, 720, 1945, 783, 0),
(1162, '82', '0', 'H_6', 1443, 137, 1510, 215, 0),
(1163, '82', '0', 'H_7', 1943, 997, 2012, 1080, 0),
(1164, '82', '1', 'IG_8', 2191, 125, 2275, 187, 0),
(1165, '82', '2', 'W_9', 54, 697, 132, 784, 0),
(1166, '82', '0', 'H_10', 116, 71, 194, 133, 0),
(1167, '82', '2', 'W_11', 60, 305, 133, 392, 0),
(1168, '82', '2', 'W_12', 69, 1102, 155, 1188, 0),
(1169, '82', '0', 'H_13', 2232, 968, 2302, 1029, 0),
(1170, '82', '0', 'H_14', 2255, 1093, 2303, 1182, 0),
(1171, '83', '0', 'H_0', 1736, 1004, 1841, 1082, 0),
(1172, '83', '1', 'IG_1', 1619, 129, 1718, 220, 0),
(1173, '83', '2', 'W_2', 2002, 510, 2134, 634, 0),
(1174, '83', '1', 'IG_3', 508, 867, 580, 935, 0),
(1175, '83', '1', 'IG_4', 1872, 720, 1944, 783, 0),
(1176, '83', '1', 'IG_5', 1027, 0, 1139, 59, 0),
(1177, '83', '0', 'H_6', 2233, 973, 2303, 1030, 0),
(1178, '83', '0', 'H_7', 1944, 997, 2014, 1079, 0),
(1179, '83', '2', 'W_8', 1442, 142, 1510, 217, 0),
(1180, '83', '1', 'IG_9', 2193, 128, 2272, 189, 0),
(1181, '83', '4', 'GR_10', 2245, 1091, 2302, 1177, 0),
(1182, '83', '0', 'H_11', 113, 72, 196, 134, 0),
(1183, '83', '1', 'IG_12', 56, 692, 130, 777, 0),
(1184, '83', '1', 'IG_13', 45, 897, 99, 980, 0),
(1185, '83', '0', 'H_14', 46, 432, 113, 515, 0),
(1186, '83', '1', 'IG_15', 69, 1101, 151, 1182, 0),
(1187, '83', '2', 'W_16', 2186, 11, 2270, 83, 0),
(1188, '83', '0', 'H_17', 59, 300, 122, 366, 0),
(1189, '83', '2', 'W_18', 71, 315, 133, 394, 0),
(1190, '84', '2', 'W_0', 1740, 1005, 1838, 1077, 1),
(1191, '84', '4', 'GR_1', 1622, 128, 1719, 218, 0),
(1192, '84', '2', 'W_2', 2013, 510, 2129, 627, 0),
(1193, '84', '4', 'GR_3', 1035, 0, 1143, 53, 0),
(1194, '84', '0', 'H_4', 1943, 995, 2014, 1075, 0),
(1195, '84', '0', 'H_5', 1868, 718, 1946, 780, 0),
(1196, '84', '4', 'GR_6', 1444, 135, 1511, 212, 0),
(1197, '84', '0', 'H_7', 2186, 128, 2276, 189, 0),
(1198, '84', '2', 'W_8', 504, 861, 586, 940, 0),
(1199, '84', '3', 'WH_9', 2249, 1091, 2302, 1178, 0),
(1200, '84', '2', 'W_10', 69, 1098, 158, 1182, 0),
(1201, '84', '0', 'H_11', 45, 419, 117, 505, 0),
(1202, '84', '2', 'W_12', 49, 688, 131, 784, 0),
(1203, '84', '2', 'W_13', 52, 297, 139, 394, 0),
(1204, '84', '3', 'WH_14', 2248, 662, 2303, 761, 0),
(1205, '85', '4', 'GR_0', 1621, 130, 1720, 220, 0),
(1206, '85', '2', 'W_1', 1739, 1007, 1837, 1080, 0),
(1207, '85', '2', 'W_2', 2004, 510, 2132, 633, 0),
(1208, '85', '3', 'WH_3', 1034, 0, 1138, 56, 0),
(1209, '85', '0', 'H_4', 1946, 997, 2015, 1080, 0),
(1210, '85', '2', 'W_5', 1446, 135, 1510, 214, 0),
(1211, '85', '0', 'H_6', 1867, 727, 1944, 783, 0),
(1212, '85', '0', 'H_7', 2187, 131, 2273, 188, 0),
(1213, '85', '2', 'W_8', 506, 866, 584, 939, 0),
(1214, '85', '3', 'WH_9', 2245, 1096, 2302, 1178, 0),
(1215, '85', '2', 'W_10', 45, 421, 118, 506, 0),
(1216, '85', '0', 'H_11', 2187, 14, 2267, 82, 0),
(1217, '85', '2', 'W_12', 53, 693, 129, 784, 0),
(1218, '85', '2', 'W_13', 54, 298, 130, 392, 0),
(1219, '85', '2', 'W_14', 74, 1098, 153, 1170, 0),
(1220, '85', '3', 'WH_15', 109, 78, 186, 128, 0),
(1221, '87', '3', 'WH_0', 34, 578, 76, 634, 1),
(1222, '88', '3', 'WH_0', 32, 552, 82, 631, 0),
(1223, '89', '3', 'WH_0', 48, 90, 92, 139, 1),
(1224, '89', '0', 'H_1', 34, 558, 76, 626, 0),
(1225, '90', '3', 'WH_0', 1729, 830, 1800, 900, 1),
(1226, '90', '3', 'WH_1', 46, 91, 92, 138, 0),
(1227, '91', '0', 'H_0', 1190, 891, 1313, 984, 1),
(1228, '91', '0', 'H_1', 1729, 835, 1795, 902, 0),
(1229, '91', '0', 'H_2', 63, 681, 153, 755, 1),
(1230, '91', '3', 'WH_3', 48, 92, 93, 138, 0),
(1231, '92', '0', 'H_0', 1189, 891, 1315, 985, 0),
(1232, '92', '0', 'H_1', 1729, 837, 1798, 902, 0),
(1233, '92', '0', 'H_2', 60, 682, 146, 756, 0),
(1234, '92', '4', 'GR_3', 641, 988, 721, 1061, 1),
(1235, '92', '0', 'H_4', 48, 92, 92, 140, 0),
(1236, '92', '3', 'WH_5', 33, 562, 78, 626, 0),
(1237, '93', '0', 'H_0', 1190, 891, 1315, 984, 0),
(1238, '93', '0', 'H_1', 63, 683, 148, 753, 0),
(1239, '93', '2', 'W_2', 642, 985, 721, 1060, 0),
(1240, '93', '3', 'WH_3', 1731, 839, 1796, 903, 0),
(1241, '93', '2', 'W_4', 16, 767, 72, 840, 1),
(1242, '93', '3', 'WH_5', 49, 93, 91, 142, 0),
(1243, '93', '3', 'WH_6', 32, 566, 78, 626, 0),
(1244, '94', '0', 'H_0', 1186, 890, 1314, 985, 0),
(1245, '94', '3', 'WH_1', 1726, 836, 1796, 901, 0),
(1246, '94', '2', 'W_2', 639, 983, 729, 1071, 0),
(1247, '94', '0', 'H_3', 62, 682, 146, 755, 0),
(1248, '94', '3', 'WH_4', 48, 93, 98, 142, 0),
(1249, '95', '0', 'H_0', 1188, 890, 1315, 983, 0),
(1250, '95', '0', 'H_1', 1199, 1027, 1306, 1125, 1),
(1251, '95', '2', 'W_2', 65, 684, 145, 754, 0),
(1252, '95', '0', 'H_3', 1730, 835, 1796, 903, 0),
(1253, '95', '4', 'GR_4', 639, 984, 727, 1071, 0),
(1254, '95', '0', 'H_5', 49, 95, 97, 143, 0),
(1255, '96', '4', 'GR_0', 1191, 891, 1315, 983, 0),
(1256, '96', '0', 'H_1', 1198, 1035, 1297, 1131, 0),
(1257, '96', '2', 'W_2', 23, 547, 155, 620, 0),
(1258, '96', '2', 'W_3', 64, 682, 147, 755, 0),
(1259, '96', '0', 'H_4', 1731, 839, 1796, 903, 0),
(1260, '96', '0', 'H_5', 1280, 460, 1361, 530, 1),
(1261, '96', '0', 'H_6', 50, 95, 99, 139, 0),
(1262, '96', '2', 'W_7', 643, 984, 723, 1066, 0),
(1263, '97', '4', 'GR_0', 1276, 460, 1375, 529, 0),
(1264, '97', '0', 'H_1', 1729, 841, 1798, 903, 0),
(1265, '97', '0', 'H_2', 60, 683, 149, 758, 0),
(1266, '97', '0', 'H_3', 26, 547, 154, 618, 0),
(1267, '97', '4', 'GR_4', 1189, 891, 1315, 985, 0),
(1268, '97', '0', 'H_5', 1196, 1034, 1306, 1133, 0),
(1269, '97', '0', 'H_6', 49, 92, 96, 139, 0),
(1270, '98', '0', 'H_0', 1688, 29, 1784, 103, 1),
(1271, '98', '4', 'GR_1', 1277, 461, 1379, 530, 0),
(1272, '98', '0', 'H_2', 1729, 836, 1795, 901, 0),
(1273, '98', '4', 'GR_3', 64, 682, 150, 759, 0),
(1274, '98', '3', 'WH_4', 48, 93, 99, 144, 0),
(1275, '98', '2', 'W_5', 30, 549, 155, 620, 0),
(1276, '99', '4', 'GR_0', 1276, 461, 1376, 528, 0),
(1277, '99', '0', 'H_1', 1676, 27, 1784, 108, 0),
(1278, '99', '0', 'H_2', 1727, 829, 1793, 901, 0),
(1279, '99', '4', 'GR_3', 63, 680, 150, 760, 0),
(1280, '99', '3', 'WH_4', 48, 93, 101, 145, 0),
(1281, '99', '0', 'H_5', 17, 1070, 93, 1160, 1),
(1282, '99', '4', 'GR_6', 1188, 890, 1314, 987, 0),
(1283, '99', '2', 'W_7', 31, 547, 157, 619, 0),
(1284, '100', '4', 'GR_0', 1276, 461, 1377, 530, 0),
(1285, '100', '2', 'W_1', 1680, 34, 1766, 111, 0),
(1286, '100', '2', 'W_2', 1726, 835, 1796, 903, 0),
(1287, '100', '4', 'GR_3', 64, 682, 151, 759, 0),
(1288, '100', '0', 'H_4', 49, 93, 98, 143, 0),
(1289, '100', '2', 'W_5', 16, 1066, 93, 1159, 0),
(1290, '100', '2', 'W_6', 28, 547, 156, 621, 0),
(1291, '101', '4', 'GR_0', 1275, 460, 1378, 529, 0),
(1292, '101', '0', 'H_1', 1687, 37, 1763, 114, 0),
(1293, '101', '2', 'W_2', 1725, 835, 1792, 903, 0),
(1294, '101', '4', 'GR_3', 61, 682, 152, 758, 0),
(1295, '101', '2', 'W_4', 25, 547, 158, 620, 0),
(1296, '101', '0', 'H_5', 18, 1069, 94, 1160, 0),
(1297, '101', '0', 'H_6', 1185, 888, 1313, 988, 0),
(1298, '101', '0', 'H_7', 48, 92, 99, 145, 0),
(1299, '101', '4', 'GR_8', 1196, 1032, 1306, 1132, 0),
(1300, '102', '2', 'W_0', 1277, 461, 1377, 528, 0),
(1301, '102', '0', 'H_1', 1686, 41, 1763, 113, 0),
(1302, '102', '2', 'W_2', 1724, 836, 1795, 905, 0),
(1303, '102', '4', 'GR_3', 60, 681, 152, 759, 0),
(1304, '102', '2', 'W_4', 15, 1071, 91, 1160, 0),
(1305, '102', '0', 'H_5', 48, 94, 97, 146, 0),
(1306, '102', '2', 'W_6', 1187, 889, 1312, 988, 0),
(1307, '102', '2', 'W_7', 33, 549, 157, 619, 0),
(1308, '102', '2', 'W_8', 66, 9, 124, 79, 1);

-- --------------------------------------------------------

--
-- 資料表結構 `user`
--

CREATE TABLE `user` (
  `id` int(11) NOT NULL,
  `user_line` varchar(255) NOT NULL,
  `device_id` varchar(255) DEFAULT NULL
) ENGINE=InnoDB DEFAULT CHARSET=utf8mb4 COLLATE=utf8mb4_general_ci;

--
-- 傾印資料表的資料 `user`
--

INSERT INTO `user` (`id`, `user_line`, `device_id`) VALUES
(1, 'U8dbaf7b9bc56970a63202016d92cc4bd', 'A1'),
(2, 'U1be34fd09ce7129cf200b7e336d81579', 'A1'),
(4, 'U4920d2c5579fd42a803dfce7f313bd40', 'A1'),
(5, 'U042ccd25f91c81f67b22fa1c4b00f42e', 'A1'),
(7, 'Uad1c8900ad40ab9902f88487ea1e3a53', 'A1'),
(8, 'U599721e3b5e7f6e976326d743bde9fe8', 'A1');

--
-- 已傾印資料表的索引
--

--
-- 資料表索引 `device`
--
ALTER TABLE `device`
  ADD PRIMARY KEY (`device_id`);

--
-- 資料表索引 `mosquito`
--
ALTER TABLE `mosquito`
  ADD PRIMARY KEY (`mosquito_id`);

--
-- 資料表索引 `photo`
--
ALTER TABLE `photo`
  ADD PRIMARY KEY (`photo_id`),
  ADD KEY `idx_photo_device_id` (`device_id`);

--
-- 資料表索引 `seg_photo`
--
ALTER TABLE `seg_photo`
  ADD PRIMARY KEY (`SP_id`),
  ADD KEY `idx_seg_photo_photo_id` (`photo_id`),
  ADD KEY `idx_seg_photo_mosquito_id` (`mosquito_id`);

--
-- 資料表索引 `user`
--
ALTER TABLE `user`
  ADD PRIMARY KEY (`id`),
  ADD KEY `idx_user_device_id` (`device_id`);

--
-- 在傾印的資料表使用自動遞增(AUTO_INCREMENT)
--

--
-- 使用資料表自動遞增(AUTO_INCREMENT) `seg_photo`
--
ALTER TABLE `seg_photo`
  MODIFY `SP_id` int(11) NOT NULL AUTO_INCREMENT, AUTO_INCREMENT=1309;

--
-- 使用資料表自動遞增(AUTO_INCREMENT) `user`
--
ALTER TABLE `user`
  MODIFY `id` int(11) NOT NULL AUTO_INCREMENT, AUTO_INCREMENT=9;

--
-- 已傾印資料表的限制式
--

--
-- 資料表的限制式 `photo`
--
ALTER TABLE `photo`
  ADD CONSTRAINT `photo_ibfk_1` FOREIGN KEY (`device_id`) REFERENCES `device` (`device_id`);

--
-- 資料表的限制式 `seg_photo`
--
ALTER TABLE `seg_photo`
  ADD CONSTRAINT `seg_photo_ibfk_1` FOREIGN KEY (`photo_id`) REFERENCES `photo` (`photo_id`),
  ADD CONSTRAINT `seg_photo_ibfk_2` FOREIGN KEY (`mosquito_id`) REFERENCES `mosquito` (`mosquito_id`);

--
-- 資料表的限制式 `user`
--
ALTER TABLE `user`
  ADD CONSTRAINT `user_ibfk_1` FOREIGN KEY (`device_id`) REFERENCES `device` (`device_id`);
COMMIT;

/*!40101 SET CHARACTER_SET_CLIENT=@OLD_CHARACTER_SET_CLIENT */;
/*!40101 SET CHARACTER_SET_RESULTS=@OLD_CHARACTER_SET_RESULTS */;
/*!40101 SET COLLATION_CONNECTION=@OLD_COLLATION_CONNECTION */;
